C,M_opt,N_opt,K_opt,n_eff_opt,gamma_eff_opt,risk_opt,K_time_cap,K_wd_cap,a,b,theta,q_eff,alpha,weight_decay,phase
10000.0,48.43572732047788,206.45916874199912,5.9103253909672055,206.45916874199906,0.9999999999999998,0.7317406715709548,5.9103253909672055,9.999999999999998,3.0,1.4,0.0,0.0,3.0,0.001,hard_source_time_limited
14251.026703029993,55.95441708000796,254.68993239001617,6.338754414933956,254.6899323900161,0.9999999999999998,0.7025602367278577,6.338754414933956,9.999999999999998,3.0,1.4,0.0,0.0,3.0,0.001,hard_source_time_limited
20309.17620904735,63.72598564616603,318.69536427121886,6.830595726796721,318.69536427121875,0.9999999999999997,0.6749010971783524,6.830595726796721,9.999999999999998,3.0,1.4,0.0,0.0,3.0,0.001,hard_source_time_limited
28942.661247167518,72.49116351748678,399.25778319430316,7.363502925496753,399.257783194303,0.9999999999999996,0.6486494483471178,7.363502925496753,9.999999999999998,3.0,1.4,0.0,0.0,3.0,0.001,hard_source_time_limited
41246.26382901348,82.36446898889776,500.77739024303344,7.94111656348365,500.7773902430333,0.9999999999999998,0.6236999953857921,7.94111656348365,9.999999999999998,3.0,1.4,0.0,0.0,3.0,0.001,hard_source_time_limited
58780.16072274912,91.98651789618825,639.0084337042272,8.613285907981824,639.0084337042272,1.0,0.5999561282761705,8.613285907981824,9.999999999999998,3.0,1.4,0.0,0.0,3.0,0.001,hard_source_time_limited
83767.76400682924,104.20650252898665,803.8631176929476,9.298096182894946,803.8631176929473,0.9999999999999996,0.5773317792804394,9.298096182894946,9.999999999999998,3.0,1.4,0.0,0.0,3.0,0.001,hard_source_time_limited
119377.66417144357,119.95610072091662,995.1779313765891,9.98390053254629,995.1779313765888,0.9999999999999998,0.5557599947477814,9.98390053254629,9.999999999999998,3.0,1.4,0.0,0.0,3.0,0.001,hard_source_time_limited
170125.42798525892,170.95373475765592,995.1547898408232,9.983823144515178,995.1547898408228,0.9999999999999996,0.536291026447103,9.983823144515178,9.999999999999998,3.0,1.4,0.0,0.0,3.0,0.001,hard_source_time_limited
242446.20170823307,242.61337143614705,999.3109624299583,9.997702680372528,999.3109624299582,0.9999999999999999,0.5193302597638414,9.997702680372528,9.999999999999998,3.0,1.4,0.0,0.0,3.0,0.001,hard_source_time_limited
345510.7294592218,348.81995031891535,990.5130974972388,9.96827645977714,990.5130974972385,0.9999999999999997,0.5048294751889109,9.96827645977714,9.999999999999998,3.0,1.4,0.0,0.0,3.0,0.001,hard_source_time_limited
492388.26317067415,488.58769278142114,1007.778686293994,9.999999999999998,999.9999999999994,0.9922813546269768,0.49205778364636554,10.02586201228655,9.999999999999998,3.0,1.4,0.0,0.0,3.0,0.001,hard_source_time_limited
701703.8286703837,705.7673574572877,994.2423962457771,9.980771035879703,994.242396245777,0.9999999999999999,0.480985315336543,9.980771035879703,9.999999999999998,3.0,1.4,0.0,0.0,3.0,0.001,hard_source_time_limited
1000000.0,989.6786625907839,1010.4289784142632,9.999999999999998,999.9999999999994,0.9896786625907833,0.47136208229582505,10.03464310829646,9.999999999999998,3.0,1.4,0.0,0.0,3.0,0.001,hard_source_time_limited
1425102.6703029992,1431.2143551294594,995.7297208454094,9.98574542651961,995.7297208454087,0.9999999999999993,0.46302906586692455,9.98574542651961,9.999999999999998,3.0,1.4,0.0,0.0,3.0,0.001,hard_source_time_limited
2030917.620904739,2002.1090310411287,1014.3891213799827,9.999999999999998,999.9999999999994,0.98581498847266,0.4557627905326294,10.047735507486168,9.999999999999998,3.0,1.4,0.0,0.0,3.0,0.001,hard_source_time_limited
2894266.1247167517,2888.341918046613,1002.0510752667901,9.999999999999998,999.9999999999994,0.9979531230319326,0.4493667844898953,10.006832248530877,9.999999999999998,3.0,1.4,0.0,0.0,3.0,0.001,hard_source_time_limited
4124626.382901348,4110.36089810216,1003.4706161217559,9.999999999999998,999.9999999999994,0.9965413873949096,0.4439191883951841,10.011555362622165,9.999999999999998,3.0,1.4,0.0,0.0,3.0,0.001,hard_source_time_limited
5878016.072274912,5759.851236301859,1020.515258315755,9.999999999999998,999.9999999999994,0.9798971567072758,0.4392271330173997,10.067921812627352,9.999999999999998,3.0,1.4,0.0,0.0,3.0,0.001,hard_source_time_limited
8376776.400682924,8328.700665008517,1005.7722972175467,9.999999999999998,999.9999999999994,0.9942608309718649,0.4350749901805149,10.01920408741976,9.999999999999998,3.0,1.4,0.0,0.0,3.0,0.001,hard_source_time_limited
11937766.417144358,11269.654829193512,1059.2841216591776,9.999999999999998,999.9999999999994,0.9440337861703051,0.43149366147904533,10.193832365367337,9.999999999999998,3.0,1.4,0.0,0.0,3.0,0.001,hard_source_time_limited
17012542.798525892,14560.158302127027,1168.4311698754407,9.999999999999998,999.9999999999994,0.8558484451476961,0.42827957608084094,10.532570578328482,9.999999999999998,3.0,1.4,0.0,0.0,3.0,0.001,hard_source_time_limited
24244620.170823306,18855.97233357562,1285.7793669781995,9.999999999999998,999.9999999999994,0.7777384096232387,0.4253749400588539,10.873987199756696,9.999999999999998,3.0,1.4,0.0,0.0,3.0,0.001,hard_source_time_limited
34551072.94592218,24477.052598613296,1411.5699922089316,9.999999999999998,999.9999999999994,0.7084310416907658,0.42275034240247555,11.217622110527193,9.999999999999998,3.0,1.4,0.0,0.0,3.0,0.001,hard_source_time_limited
49238826.317067415,30992.731630393144,1588.7217333492852,9.999999999999998,999.9999999999994,0.6294368478813693,0.4203785692921454,11.668524583968521,9.999999999999998,3.0,1.4,0.0,0.0,3.0,0.001,hard_source_time_limited
70170382.86703837,40398.74861853521,1736.9444665135925,9.999999999999998,999.9999999999994,0.5757236453317397,0.41823427686433357,12.020669161968051,9.999999999999998,3.0,1.4,0.0,0.0,3.0,0.001,hard_source_time_limited
100000000.0,51304.19042728678,1949.1585222795707,9.999999999999998,999.9999999999994,0.5130419042728676,0.416297459912477,12.491532446200882,9.999999999999998,3.0,1.4,0.0,0.0,3.0,0.001,hard_source_time_limited
142510267.03029963,67151.97097993639,2122.205274851556,9.999999999999998,999.9999999999994,0.47120795139383836,0.4145459684133252,12.850769382390762,9.999999999999998,3.0,1.4,0.0,0.0,3.0,0.001,hard_source_time_limited
203091762.0904739,85531.85321278358,2374.457637264427,9.999999999999998,999.9999999999994,0.42114880649211445,0.4129637365990814,13.34099255813787,9.999999999999998,3.0,1.4,0.0,0.0,3.0,0.001,hard_source_time_limited
289426612.47167516,112416.91823354003,2574.5823406260533,9.999999999999998,999.9999999999994,0.3884125142242809,0.4115339091000765,13.705732839021653,9.999999999999998,3.0,1.4,0.0,0.0,3.0,0.001,hard_source_time_limited
412462638.29013646,143610.10008366028,2872.1004863157655,9.999999999999998,999.9999999999994,0.3481772329222248,0.41024113204955803,14.214553099359359,9.999999999999998,3.0,1.4,0.0,0.0,3.0,0.001,hard_source_time_limited
587801607.2274925,183675.81302344528,3200.2123608537536,9.999999999999998,999.9999999999994,0.3124792630115394,0.4090731032484291,14.736451964048532,9.999999999999998,3.0,1.4,0.0,0.0,3.0,0.001,hard_source_time_limited
837677640.0682924,235197.46338327494,3561.5930036763325,9.999999999999998,999.9999999999994,0.28077323797743975,0.40801765976595294,15.27149062331733,9.999999999999998,3.0,1.4,0.0,0.0,3.0,0.001,hard_source_time_limited
1193776641.7144358,301527.5318701428,3959.0966513417857,9.999999999999998,999.9999999999994,0.2525828713125979,0.40706386157337593,15.819716681413558,9.999999999999998,3.0,1.4,0.0,0.0,3.0,0.001,hard_source_time_limited
1701254279.8525858,387021.4081736638,4395.762725066622,9.999999999999998,999.9999999999994,0.2274918057559268,0.40620186106360123,16.38116358699633,9.999999999999998,3.0,1.4,0.0,0.0,3.0,0.001,hard_source_time_limited
2424462017.0823307,514421.02497864445,4712.991692326299,9.999999999999998,999.9999999999994,0.2121794531546069,0.4054226131317156,16.766106663175762,9.999999999999998,3.0,1.4,0.0,0.0,3.0,0.001,hard_source_time_limited
3455107294.5922184,662233.1516835144,5217.357792808653,9.999999999999998,999.9999999999994,0.19166789775820048,0.4047184175170859,17.34403761916344,9.999999999999998,3.0,1.4,0.0,0.0,3.0,0.001,hard_source_time_limited
4923882631.706752,853526.0924456753,5768.871830968827,9.999999999999998,999.9999999999994,0.17334411810498812,0.40408205125954927,17.934817567323098,9.999999999999998,3.0,1.4,0.0,0.0,3.0,0.001,hard_source_time_limited
7017038286.703836,1101377.913078318,6371.144911642024,9.999999999999998,999.9999999999994,0.15695766049406512,0.40350698246150385,18.538410491519194,9.999999999999998,3.0,1.4,0.0,0.0,3.0,0.001,hard_source_time_limited
10000000000.0,1372398.4474401881,7286.513635054093,9.999999999999998,999.9999999999994,0.13723984474401874,0.4029871516474177,19.386820710996844,9.999999999999998,3.0,1.4,0.0,0.0,3.0,0.001,hard_source_time_limited
10000.0,43.62991058578331,229.20056139786072,7.927381918011857,229.20056139786064,0.9999999999999997,0.6922972754018927,7.927381918011857,13.894954943731374,3.0,1.4,0.25,0.125,2.625,0.001,hard_source_time_limited
14251.026703029993,50.16469389661898,284.0847934286008,8.602939174403366,284.08479342860073,0.9999999999999998,0.6619421194953026,8.602939174403366,13.894954943731374,3.0,1.4,0.25,0.125,2.625,0.001,hard_source_time_limited
20309.17620904735,57.67824137053063,352.1115714776952,9.336066207473129,352.11157147769507,0.9999999999999997,0.6332261633769478,9.336066207473129,13.894954943731374,3.0,1.4,0.25,0.125,2.625,0.001,hard_source_time_limited
28942.661247167518,66.31714995516825,436.42800190800347,10.131669010244588,436.42800190800335,0.9999999999999998,0.606032838516893,10.131669010244588,13.894954943731374,3.0,1.4,0.25,0.125,2.625,0.001,hard_source_time_limited
41246.26382901348,76.24997353721864,540.9347953265927,10.995071655659734,540.9347953265925,0.9999999999999996,0.5802562590811012,10.995071655659734,13.894954943731374,3.0,1.4,0.25,0.125,2.625,0.001,hard_source_time_limited
58780.16072274912,86.27732300745664,681.29328395677,12.005088732828451,681.2932839567699,0.9999999999999998,0.5557939398008099,12.005088732828451,13.894954943731374,3.0,1.4,0.25,0.125,2.625,0.001,hard_source_time_limited
83767.76400682924,97.5079327140524,859.086657620801,13.113794419264714,859.0866576208007,0.9999999999999996,0.532559812630253,13.113794419264714,13.894954943731374,3.0,1.4,0.25,0.125,2.625,0.001,hard_source_time_limited
119377.66417144357,119.95610072091662,995.1779313765891,13.869392013646996,995.1779313765887,0.9999999999999997,0.5105831445936002,13.869392013646996,13.894954943731374,3.0,1.4,0.25,0.125,2.625,0.001,hard_source_time_limited
170125.42798525892,170.95373475765592,995.1547898408232,13.869269150203808,995.1547898408228,0.9999999999999996,0.49111422391933435,13.869269150203808,13.894954943731374,3.0,1.4,0.25,0.125,2.625,0.001,hard_source_time_limited
242446.20170823307,242.61337143614705,999.3109624299583,13.891306871860188,999.310962429958,0.9999999999999997,0.47414493783318323,13.891306871860188,13.894954943731374,3.0,1.4,0.25,0.125,2.625,0.001,hard_source_time_limited
345510.7294592218,348.81995031891535,990.5130974972388,13.844589550794622,990.5130974972384,0.9999999999999996,0.4596622689423123,13.844589550794622,13.894954943731374,3.0,1.4,0.25,0.125,2.625,0.001,hard_source_time_limited
492388.26317067415,488.58769278142114,1007.778686293994,13.894954943731374,999.9999999999995,0.9922813546269769,0.4468409921566031,13.93603126704607,13.894954943731374,3.0,1.4,0.25,0.125,2.625,0.001,hard_source_time_limited
701703.8286703837,705.7673574572877,994.2423962457771,13.864423644072629,994.2423962457767,0.9999999999999997,0.4358103922666714,13.864423644072629,13.894954943731374,3.0,1.4,0.25,0.125,2.625,0.001,hard_source_time_limited
1000000.0,989.6786625907839,1010.4289784142632,13.894954943731374,999.9999999999995,0.9896786625907834,0.4261351534378493,13.949981620894834,13.894954943731374,3.0,1.4,0.25,0.125,2.625,0.001,hard_source_time_limited
1425102.6703029992,1400.9939480957757,1017.2082986082787,13.894954943731374,999.9999999999995,0.9830828173228402,0.41782014034561943,13.985563190400628,13.894954943731374,3.0,1.4,0.25,0.125,2.625,0.001,hard_source_time_limited
2030917.620904739,2002.1090310411287,1014.3891213799827,13.894954943731374,999.9999999999995,0.9858149884726601,0.4105208128380463,13.970784495284828,13.894954943731374,3.0,1.4,0.25,0.125,2.625,0.001,hard_source_time_limited
2894266.1247167517,2888.341918046613,1002.0510752667901,13.894954943731374,999.9999999999995,0.9979531230319328,0.40417208428252155,13.905805048592415,13.894954943731374,3.0,1.4,0.25,0.125,2.625,0.001,hard_source_time_limited
4124626.382901348,4110.36089810216,1003.4706161217559,13.894954943731374,999.9999999999995,0.9965413873949097,0.39871898954111157,13.913306314139746,13.894954943731374,3.0,1.4,0.25,0.125,2.625,0.001,hard_source_time_limited
5878016.072274912,5364.434340171338,1095.738282833968,13.894954943731374,999.9999999999995,0.9126266880204684,0.3939312091338365,14.387441020039898,13.894954943731374,3.0,1.4,0.25,0.125,2.625,0.001,hard_source_time_limited
8376776.400682924,7026.012892206873,1192.2517833655406,13.894954943731374,999.9999999999995,0.8387490075101047,0.3896077352963906,14.857635748908324,13.894954943731374,3.0,1.4,0.25,0.125,2.625,0.001,hard_source_time_limited
11937766.417144358,9007.940864122877,1325.2491992582331,13.894954943731374,999.9999999999995,0.7545750644933181,0.3857011362475289,15.468446012613459,13.894954943731374,3.0,1.4,0.25,0.125,2.625,0.001,hard_source_time_limited
17012542.798525892,11576.291757854504,1469.602110449825,13.894954943731374,999.9999999999995,0.6804562901001233,0.38217078761629003,16.089860997310044,13.894954943731374,3.0,1.4,0.25,0.125,2.625,0.001,hard_source_time_limited
24244620.170823306,14912.166854903364,1625.8281178533944,13.894954943731374,999.9999999999995,0.6150711683596141,0.3789802488086081,16.721164745222513,13.894954943731374,3.0,1.4,0.25,0.125,2.625,0.001,hard_source_time_limited
34551072.94592218,19254.817131448508,1794.411897555267,13.894954943731374,999.9999999999995,0.5572856496116718,0.37609682778213077,17.36158563118072,13.894954943731374,3.0,1.4,0.25,0.125,2.625,0.001,hard_source_time_limited
49238826.317067415,24920.99600485579,1975.7968865880543,13.894954943731374,999.9999999999995,0.5061248991675811,0.37349113927187594,18.010297012859212,13.894954943731374,3.0,1.4,0.25,0.125,2.625,0.001,hard_source_time_limited
70170382.86703837,32330.9708526242,2170.376608450744,13.894954943731374,999.9999999999995,0.4607495289556307,0.3711367251482579,18.66641815867834,13.894954943731374,3.0,1.4,0.25,0.125,2.625,0.001,hard_source_time_limited
100000000.0,40864.76122518948,2447.0961533077284,13.894954943731374,999.9999999999995,0.40864761225189467,0.36900772397591386,19.539555495520098,13.894954943731374,3.0,1.4,0.25,0.125,2.625,0.001,hard_source_time_limited
142510267.03029963,53235.358662538725,2676.9851957545447,13.894954943731374,999.9999999999995,0.3735545499414448,0.3670842744732299,20.219475847874378,13.894954943731374,3.0,1.4,0.25,0.125,2.625,0.001,hard_source_time_limited
203091762.0904739,67486.14109657115,3009.3847238924823,13.894954943731374,999.9999999999995,0.33229383802631646,0.36534615274792387,21.14143034068715,13.894954943731374,3.0,1.4,0.25,0.125,2.625,0.001,hard_source_time_limited
289426612.47167516,88280.27605969246,3278.496912220501,13.894954943731374,999.9999999999995,0.30501782578245806,0.3637749507506813,21.842617352805906,13.894954943731374,3.0,1.4,0.25,0.125,2.625,0.001,hard_source_time_limited
412462638.29013646,112243.78039005748,3674.7037284096346,13.894954943731374,999.9999999999995,0.2721307822094237,0.3623552313896016,22.81287050410341,13.894954943731374,3.0,1.4,0.25,0.125,2.625,0.001,hard_source_time_limited
587801607.2274925,147437.93534615313,3986.7731859338537,13.894954943731374,999.9999999999995,0.2508294185202717,0.3610723783754554,23.53235244681344,13.894954943731374,3.0,1.4,0.25,0.125,2.625,0.001,hard_source_time_limited
837677640.0682924,188014.79911180356,4455.381406280497,13.894954943731374,999.9999999999995,0.22444767547630304,0.3599124280959417,24.54999375205825,13.894954943731374,3.0,1.4,0.25,0.125,2.625,0.001,hard_source_time_limited
1193776641.7144358,240042.70165652467,4973.184493743126,13.894954943731374,999.9999999999995,0.20107840383925465,0.3588645216579707,25.60010468676489,13.894954943731374,3.0,1.4,0.25,0.125,2.625,0.001,hard_source_time_limited
1701254279.8525858,306830.58900592907,5544.604549905914,13.894954943731374,999.9999999999995,0.1803555133642432,0.3579176905574849,26.68310777056205,13.894954943731374,3.0,1.4,0.25,0.125,2.625,0.001,hard_source_time_limited
2424462017.0823307,406148.1759651151,5969.402697232777,13.894954943731374,999.9999999999995,0.1675209481952972,0.357061739021259,27.444154659046244,13.894954943731374,3.0,1.4,0.25,0.125,2.625,0.001,hard_source_time_limited
3455107294.5922184,520689.5317266001,6635.6380992241675,13.894954943731374,999.9999999999995,0.1507014073170926,0.35628802406012355,28.572965134354874,13.894954943731374,3.0,1.4,0.25,0.125,2.625,0.001,hard_source_time_limited
4923882631.706752,668323.7001286563,7367.5116276123,13.894954943731374,999.9999999999995,0.13573103790595367,0.35558887256225186,29.734803857823053,13.894954943731374,3.0,1.4,0.25,0.125,2.625,0.001,hard_source_time_limited
7017038286.703836,858832.666648783,8170.437105151978,13.894954943731374,999.9999999999995,0.12239247265846231,0.35495706297823326,30.929945770460066,13.894954943731374,3.0,1.4,0.25,0.125,2.625,0.001,hard_source_time_limited
10000000000.0,1104953.302240988,9050.156219017319,13.894954943731374,999.9999999999995,0.11049533022409874,0.35438608848903286,32.15863101774424,13.894954943731374,3.0,1.4,0.25,0.125,2.625,0.001,hard_source_time_limited
10000.0,39.30092935589398,254.4469091161656,11.726119131180175,254.44690911616553,0.9999999999999997,0.6498965408529537,11.726119131180175,21.544346900318832,3.0,1.4,0.5,0.25,2.25,0.001,hard_source_time_limited
14251.026703029993,45.59229809424956,312.575309837857,12.848982640703166,312.57530983785693,0.9999999999999998,0.6182230430794913,12.848982640703166,21.544346900318832,3.0,1.4,0.5,0.25,2.25,0.001,hard_source_time_limited
20309.17620904735,52.95339671512115,383.5292439936709,14.071969396217927,383.5292439936707,0.9999999999999996,0.5883352796488267,14.071969396217927,21.544346900318832,3.0,1.4,0.5,0.25,2.25,0.001,hard_source_time_limited
28942.661247167518,60.66897211706865,477.0587045931634,15.505164081660956,477.05870459316327,0.9999999999999998,0.5601090183756413,15.505164081660956,21.544346900318832,3.0,1.4,0.5,0.25,2.25,0.001,hard_source_time_limited
41246.26382901348,69.50874553984181,593.396751857239,17.08432604066372,593.3967518572387,0.9999999999999994,0.5334370051117369,17.08432604066372,21.544346900318832,3.0,1.4,0.5,0.25,2.25,0.001,hard_source_time_limited
58780.16072274912,79.63651827163878,738.105607809862,18.824321672862578,738.1056078098617,0.9999999999999996,0.5082151474988718,18.824321672862578,21.544346900318832,3.0,1.4,0.5,0.25,2.25,0.001,hard_source_time_limited
83767.76400682924,91.23995826962367,918.1039272210832,20.741531483300886,918.1039272210828,0.9999999999999997,0.48434792336894306,20.741531483300886,21.544346900318832,3.0,1.4,0.5,0.25,2.25,0.001,hard_source_time_limited
119377.66417144357,119.95610072091662,995.1779313765891,21.498112312398597,995.1779313765885,0.9999999999999994,0.46208239738539775,21.498112312398597,21.544346900318832,3.0,1.4,0.5,0.25,2.25,0.001,hard_source_time_limited
170125.42798525892,170.95373475765592,995.1547898408232,21.4978901287701,995.1547898408227,0.9999999999999994,0.4426135292512344,21.4978901287701,21.544346900318832,3.0,1.4,0.5,0.25,2.25,0.001,hard_source_time_limited
242446.20170823307,242.61337143614705,999.3109624299583,21.537747919541523,999.3109624299578,0.9999999999999996,0.42563484802060586,21.537747919541523,21.544346900318832,3.0,1.4,0.5,0.25,2.25,0.001,hard_source_time_limited
345510.7294592218,342.26323025159013,1009.4883087652872,21.544346900318832,999.9999999999994,0.9906008730533066,0.41109116219153974,21.634961688773355,21.544346900318832,3.0,1.4,0.5,0.25,2.25,0.001,hard_source_time_limited
492388.26317067415,488.58769278142114,1007.778686293994,21.544346900318832,999.9999999999994,0.9922813546269768,0.39827030973592403,21.618669592279264,21.544346900318832,3.0,1.4,0.5,0.25,2.25,0.001,hard_source_time_limited
701703.8286703837,691.6825514563668,1014.4882608256007,21.544346900318832,999.9999999999994,0.9857186510824575,0.38722130440972485,21.682521680223083,21.544346900318832,3.0,1.4,0.5,0.25,2.25,0.001,hard_source_time_limited
1000000.0,989.6786625907839,1010.4289784142632,21.544346900318832,999.9999999999994,0.9896786625907833,0.377544562005643,21.64391940039239,21.544346900318832,3.0,1.4,0.5,0.25,2.25,0.001,hard_source_time_limited
1425102.6703029992,1400.9939480957757,1017.2082986082787,21.544346900318832,999.9999999999994,0.9830828173228401,0.3691790947076736,21.708340242742374,21.544346900318832,3.0,1.4,0.5,0.25,2.25,0.001,hard_source_time_limited
2030917.620904739,1874.6143480779606,1083.3788949642021,21.544346900318832,999.9999999999994,0.9230381029649302,0.36182287527735285,22.324990151656586,21.544346900318832,3.0,1.4,0.5,0.25,2.25,0.001,hard_source_time_limited
2894266.1247167517,2412.0804878350896,1199.9044556404656,21.544346900318832,999.9999999999994,0.8333996888662569,0.3551847940834985,23.36197900698092,21.544346900318832,3.0,1.4,0.5,0.25,2.25,0.001,hard_source_time_limited
4124626.382901348,3114.6746214746195,1324.255944573939,21.544346900318832,999.9999999999994,0.7551410315335497,0.3491864653395349,24.408611810395445,21.544346900318832,3.0,1.4,0.5,0.25,2.25,0.001,hard_source_time_limited
5878016.072274912,3941.6569605191235,1491.255106964145,21.544346900318832,999.9999999999994,0.6705760773793903,0.34376417672787213,25.73164378628432,21.544346900318832,3.0,1.4,0.5,0.25,2.25,0.001,hard_source_time_limited
8376776.400682924,5123.006837193268,1635.1288739002136,21.544346900318832,999.9999999999994,0.611572589758467,0.3388642767722181,26.80682182863083,21.544346900318832,3.0,1.4,0.5,0.25,2.25,0.001,hard_source_time_limited
11937766.417144358,6517.823884698784,1831.55707001679,21.544346900318832,999.9999999999994,0.5459835330115225,0.3344371074919678,28.193073572398937,21.544346900318832,3.0,1.4,0.5,0.25,2.25,0.001,hard_source_time_limited
17012542.798525892,8526.56197687707,1995.2406192157755,21.544346900318832,999.9999999999994,0.5011926834133154,0.3304349174429501,29.28630411244479,21.544346900318832,3.0,1.4,0.5,0.25,2.25,0.001,hard_source_time_limited
24244620.170823306,10905.942006561238,2223.0652020923317,21.544346900318832,999.9999999999994,0.4498293613065452,0.3268181903475258,30.728001220403716,21.544346900318832,3.0,1.4,0.5,0.25,2.25,0.001,hard_source_time_limited
34551072.94592218,13982.337090730854,2471.0513501227715,21.544346900318832,999.9999999999994,0.4046860458607287,0.3235500186150372,32.20679088947717,21.544346900318832,3.0,1.4,0.5,0.25,2.25,0.001,hard_source_time_limited
49238826.317067415,17968.991588704448,2740.210883509991,21.544346900318832,999.9999999999994,0.36493541647388805,0.3205964154277555,33.72127556411978,21.544346900318832,3.0,1.4,0.5,0.25,2.25,0.001,hard_source_time_limited
70170382.86703837,23147.015157363156,3031.50891767213,21.544346900318832,999.9999999999994,0.32986873110302145,0.31792694881687367,35.26987604763376,21.544346900318832,3.0,1.4,0.5,0.25,2.25,0.001,hard_source_time_limited
100000000.0,29887.778773568567,3345.849176601762,21.544346900318832,999.9999999999994,0.29887778773568546,0.31551431214305303,36.85082975456172,21.544346900318832,3.0,1.4,0.5,0.25,2.25,0.001,hard_source_time_limited
142510267.03029963,38682.95452121398,3684.058490210361,21.544346900318832,999.9999999999994,0.2714397729181816,0.31333395638320527,38.46218986721153,21.544346900318832,3.0,1.4,0.5,0.25,2.25,0.001,hard_source_time_limited
203091762.0904739,50184.89128103344,4046.8706199475046,21.544346900318832,999.9999999999994,0.24710451455277097,0.31136377408273974,40.10182544324811,21.544346900318832,3.0,1.4,0.5,0.25,2.25,0.001,hard_source_time_limited
289426612.47167516,63318.80242800332,4570.9426169385915,21.544346900318832,999.9999999999994,0.21877325615383764,0.3095834677980211,42.33204321178496,21.544346900318832,3.0,1.4,0.5,0.25,2.25,0.001,hard_source_time_limited
412462638.29013646,82486.69651492774,5000.3534596089985,21.544346900318832,999.9999999999994,0.19998586261503887,0.3079735852835829,44.05551810692857,21.544346900318832,3.0,1.4,0.5,0.25,2.25,0.001,hard_source_time_limited
587801607.2274925,107711.6014563969,5457.180092763197,21.544346900318832,999.9999999999994,0.18324482296747108,0.306519569500304,45.80098244653051,21.544346900318832,3.0,1.4,0.5,0.25,2.25,0.001,hard_source_time_limited
837677640.0682924,136545.3434756175,6134.7946311905835,21.544346900318832,999.9999999999994,0.1630046415760667,0.3052048321883032,48.246596224524964,21.544346900318832,3.0,1.4,0.5,0.25,2.25,0.001,hard_source_time_limited
1193776641.7144358,179041.34614416916,6667.603139853367,21.544346900318832,999.9999999999994,0.1499789323126978,0.3040173596212264,50.06590924142321,21.544346900318832,3.0,1.4,0.5,0.25,2.25,0.001,hard_source_time_limited
1701254279.8525858,227641.76138006058,7473.38392366525,21.544346900318832,999.9999999999994,0.13380819321129683,0.30294340031818406,52.66999068367131,21.544346900318832,3.0,1.4,0.5,0.25,2.25,0.001,hard_source_time_limited
2424462017.0823307,289777.20338021015,8366.641643308458,21.544346900318832,999.9999999999994,0.11952226982253839,0.3019734132364417,55.38039826205824,21.544346900318832,3.0,1.4,0.5,0.25,2.25,0.001,hard_source_time_limited
3455107294.5922184,382216.1558183697,9039.668370884081,21.544346900318832,999.9999999999994,0.11062352721045665,0.30109669757148916,57.31786420530454,21.544346900318832,3.0,1.4,0.5,0.25,2.25,0.001,hard_source_time_limited
4923882631.706752,487983.91984481236,10090.255911040336,21.544346900318832,999.9999999999994,0.09910551415309905,0.30030403871546185,60.18830048190587,21.544346900318832,3.0,1.4,0.5,0.25,2.25,0.001,hard_source_time_limited
7017038286.703836,623757.3253347694,11249.628664381304,21.544346900318832,999.9999999999994,0.08889182299556342,0.29958789686996873,63.169270416778026,21.544346900318832,3.0,1.4,0.5,0.25,2.25,0.001,hard_source_time_limited
10000000000.0,798251.0221187457,12527.387654897893,21.544346900318832,999.9999999999994,0.07982510221187453,0.2989408012420149,66.26303760334623,21.544346900318832,3.0,1.4,0.5,0.25,2.25,0.001,hard_source_time_limited
10000.0,34.4886299151175,289.9506308198306,20.57024657340258,289.9506308198306,1.0,0.6119006479307331,20.57024657340258,39.81071705534972,3.0,1.4,0.75,0.375,1.875,0.001,hard_source_time_limited
14251.026703029993,40.32048506874163,353.4438308153706,22.861473375500974,353.4438308153706,1.0,0.5786007840175464,22.861473375500974,39.81071705534972,3.0,1.4,0.75,0.375,1.875,0.001,hard_source_time_limited
20309.17620904735,46.58182967881438,435.9892333358484,25.569392381063494,435.98923333584827,0.9999999999999998,0.547254340311603,25.569392381063494,39.81071705534972,3.0,1.4,0.75,0.375,1.875,0.001,hard_source_time_limited
28942.661247167518,54.684496462198375,529.2663025099746,28.35477879154326,529.2663025099745,0.9999999999999998,0.5177340251988783,28.35477879154326,39.81071705534972,3.0,1.4,0.75,0.375,1.875,0.001,hard_source_time_limited
41246.26382901348,63.3635066661915,650.9466726061266,31.66340039288121,650.9466726061266,1.0,0.48992533081746803,31.66340039288121,39.81071705534972,3.0,1.4,0.75,0.375,1.875,0.001,hard_source_time_limited
58780.16072274912,73.506859292342,799.6554510508502,35.335796171380935,799.6554510508503,1.0,0.46372079738092176,35.335796171380935,39.81071705534972,3.0,1.4,0.75,0.375,1.875,0.001,hard_source_time_limited
83767.76400682924,85.37489979872112,981.1755469619192,39.40925714420963,981.175546961919,0.9999999999999999,0.43901986631712103,39.40925714420963,39.81071705534972,3.0,1.4,0.75,0.375,1.875,0.001,hard_source_time_limited
119377.66417144357,119.95610072091662,995.1779313765891,39.70821758055694,995.1779313765888,0.9999999999999998,0.41658762714342396,39.70821758055694,39.81071705534972,3.0,1.4,0.75,0.375,1.875,0.001,hard_source_time_limited
170125.42798525892,170.95373475765592,995.1547898408232,39.70772511833792,995.154789840823,0.9999999999999998,0.3971188388115101,39.70772511833792,39.81071705534972,3.0,1.4,0.75,0.375,1.875,0.001,hard_source_time_limited
242446.20170823307,242.61337143614705,999.3109624299583,39.79608479323162,999.3109624299582,0.9999999999999999,0.38012588252100077,39.79608479323162,39.81071705534972,3.0,1.4,0.75,0.375,1.875,0.001,hard_source_time_limited
345510.7294592218,335.82975593899295,1028.8270272333687,39.81071705534972,999.9999999999998,0.9719806862861214,0.36540505401842577,40.41872358507974,39.81071705534972,3.0,1.4,0.75,0.375,1.875,0.001,hard_source_time_limited
492388.26317067415,434.46527124132314,1133.3201886628535,39.81071705534972,999.9999999999998,0.882363175035158,0.3522822434164421,42.55867190340913,39.81071705534972,3.0,1.4,0.75,0.375,1.875,0.001,hard_source_time_limited
701703.8286703837,565.4046078234065,1241.0649275952621,39.81071705534972,999.9999999999998,0.805759616410755,0.3404250339028392,44.67080046497928,39.81071705534972,3.0,1.4,0.75,0.375,1.875,0.001,hard_source_time_limited
1000000.0,724.970637248899,1379.3662096368146,39.81071705534972,999.9999999999998,0.7249706372488989,0.32970661524960587,47.26022419512672,39.81071705534972,3.0,1.4,0.75,0.375,1.875,0.001,hard_source_time_limited
1425102.6703029992,933.9770341114059,1525.8433754303762,39.81071705534972,999.9999999999998,0.6553752607261816,0.3200210858977219,49.87374458159561,39.81071705534972,3.0,1.4,0.75,0.375,1.875,0.001,hard_source_time_limited
2030917.620904739,1208.9453916210898,1679.9084846847024,39.81071705534972,999.9999999999998,0.5952705216484975,0.31126894631785135,52.499157333215095,39.81071705534972,3.0,1.4,0.75,0.375,1.875,0.001,hard_source_time_limited
2894266.1247167517,1537.2686709432387,1882.7327840753337,39.81071705534972,999.9999999999998,0.5311428198724067,0.30335708202164113,55.789692201491945,39.81071705534972,3.0,1.4,0.75,0.375,1.875,0.001,hard_source_time_limited
4124626.382901348,2007.5798963230343,2054.5266419811096,39.81071705534972,999.9999999999998,0.4867301204893279,0.2962091665809514,58.449340407654944,39.81071705534972,3.0,1.4,0.75,0.375,1.875,0.001,hard_source_time_limited
5878016.072274912,2572.496713475463,2284.9459987584073,39.81071705534972,999.9999999999998,0.437647104370685,0.2897470607813838,61.85865910463712,39.81071705534972,3.0,1.4,0.75,0.375,1.875,0.001,hard_source_time_limited
8376776.400682924,3308.0940568113347,2532.2062362269357,39.81071705534972,999.9999999999998,0.3949125413615718,0.2839078057518383,65.34306566020484,39.81071705534972,3.0,1.4,0.75,0.375,1.875,0.001,hard_source_time_limited
11937766.417144358,4269.154768441454,2796.283354586017,39.81071705534972,999.9999999999998,0.3576175491514333,0.27863097329603864,68.89324288665681,39.81071705534972,3.0,1.4,0.75,0.375,1.875,0.001,hard_source_time_limited
17012542.798525892,5529.004962659251,3076.962837512715,39.81071705534972,999.9999999999998,0.3249958003419882,0.2738627460825114,72.49897511839869,39.81071705534972,3.0,1.4,0.75,0.375,1.875,0.001,hard_source_time_limited
24244620.170823306,7001.159294711189,3462.9436569366676,39.81071705534972,999.9999999999998,0.2887716633786076,0.2695518730460235,77.21545358238423,39.81071705534972,3.0,1.4,0.75,0.375,1.875,0.001,hard_source_time_limited
34551072.94592218,9126.416000942914,3785.8314745188545,39.81071705534972,999.9999999999998,0.26414276671602,0.265656807389598,80.97532156815073,39.81071705534972,3.0,1.4,0.75,0.375,1.875,0.001,hard_source_time_limited
49238826.317067415,11618.09130368467,4238.116660475146,39.81071705534972,999.9999999999998,0.23595386349933256,0.26213651783829095,85.99876551769125,39.81071705534972,3.0,1.4,0.75,0.375,1.875,0.001,hard_source_time_limited
70170382.86703837,15243.69702921103,4603.239144190088,39.81071705534972,999.9999999999998,0.21723833341618484,0.25895608290183625,89.87396183589418,39.81071705534972,3.0,1.4,0.75,0.375,1.875,0.001,hard_source_time_limited
100000000.0,19509.06149300154,5125.823199433395,39.81071705534972,999.9999999999998,0.19509061493001537,0.25608019349419264,95.17888188082667,39.81071705534972,3.0,1.4,0.75,0.375,1.875,0.001,hard_source_time_limited
142510267.03029963,25027.057996892974,5694.247683766578,39.81071705534972,999.9999999999998,0.1756158241677554,0.2534816364214765,100.66984239561782,39.81071705534972,3.0,1.4,0.75,0.375,1.875,0.001,hard_source_time_limited
203091762.0904739,32181.81809648355,6310.760985646904,39.81071705534972,999.9999999999998,0.15845949518202068,0.2511333771234116,106.34333036941139,39.81071705534972,3.0,1.4,0.75,0.375,1.875,0.001,hard_source_time_limited
289426612.47167516,41479.99588926928,6977.498581347467,39.81071705534972,999.9999999999998,0.1433178363766695,0.24901120259692958,112.19492269394524,39.81071705534972,3.0,1.4,0.75,0.375,1.875,0.001,hard_source_time_limited
412462638.29013646,53591.287015714304,7696.449577133539,39.81071705534972,999.9999999999998,0.12993003981615628,0.24709338190696378,118.21925781771344,39.81071705534972,3.0,1.4,0.75,0.375,1.875,0.001,hard_source_time_limited
587801607.2274925,69402.80485421629,8469.421494739243,39.81071705534972,999.9999999999998,0.11807181879200922,0.2453603753301818,124.41001189847172,39.81071705534972,3.0,1.4,0.75,0.375,1.875,0.001,hard_source_time_limited
837677640.0682924,87256.079772269,9600.220892968837,39.81071705534972,999.9999999999998,0.10416426987970619,0.2437940524447358,133.00970200939074,39.81071705534972,3.0,1.4,0.75,0.375,1.875,0.001,hard_source_time_limited
1193776641.7144358,113468.78405579425,10520.749399477467,39.81071705534972,999.9999999999998,0.0950502632492764,0.24237791456962976,139.6662782705966,39.81071705534972,3.0,1.4,0.75,0.375,1.875,0.001,hard_source_time_limited
1701254279.8525858,147905.5456546323,11502.302177533691,39.81071705534972,999.9999999999998,0.08693911745365208,0.24109866341292518,146.47107831007295,39.81071705534972,3.0,1.4,0.75,0.375,1.875,0.001,hard_source_time_limited
2424462017.0823307,186834.82917192066,12976.49923104756,39.81071705534972,999.9999999999998,0.07706238656473702,0.23994251134406241,156.2010770669226,39.81071705534972,3.0,1.4,0.75,0.375,1.875,0.001,hard_source_time_limited
3455107294.5922184,244547.80247192516,14128.555888327295,39.81071705534972,999.9999999999998,0.07077864205684163,0.23889736830443634,163.45020868826,39.81071705534972,3.0,1.4,0.75,0.375,1.875,0.001,hard_source_time_limited
4923882631.706752,309828.4807550138,15892.28536933679,39.81071705534972,999.9999999999998,0.06292361210234997,0.23795318123815262,174.03344717780172,39.81071705534972,3.0,1.4,0.75,0.375,1.875,0.001,hard_source_time_limited
7017038286.703836,407216.27883835643,17231.723414203767,39.81071705534972,999.9999999999998,0.058032500636339114,0.23709964184473561,181.70852989405975,39.81071705534972,3.0,1.4,0.75,0.375,1.875,0.001,hard_source_time_limited
10000000000.0,517448.21779971133,19325.605260603486,39.81071705534972,999.9999999999998,0.05174482177997112,0.23632823676394174,193.16909971543882,39.81071705534972,3.0,1.4,0.75,0.375,1.875,0.001,hard_source_time_limited
10000.0,31.888920300861294,313.58854127556987,31.888920300861294,180.07761190338096,0.5742480613956347,0.6023862635451268,46.15727095404283,99.99999999999997,3.0,1.4,1.0,0.5,1.5,0.001,hard_source_time_limited
14251.026703029993,36.64536612836196,388.89028023655914,36.64536612836196,221.8342489875992,0.5704288851155114,0.5678422465895502,53.278426790490656,99.99999999999997,3.0,1.4,1.0,0.5,1.5,0.001,hard_source_time_limited
20309.17620904735,42.76597288832646,474.89101351862405,42.76597288832646,279.67106385014085,0.5889163110878131,0.5352906800033902,60.868972065554736,99.99999999999997,3.0,1.4,1.0,0.5,1.5,0.001,hard_source_time_limited
28942.661247167518,49.290338190563595,587.1873131661421,49.290338190563595,346.05306242250606,0.5893401554549457,0.5045973708233851,70.12148568762657,99.99999999999997,3.0,1.4,1.0,0.5,1.5,0.001,hard_source_time_limited
41246.26382901348,56.87729269793492,725.1798015082218,56.87729269793492,428.9516812418111,0.5915107954602178,0.4756733186393806,80.71677460729981,99.99999999999997,3.0,1.4,1.0,0.5,1.5,0.001,hard_source_time_limited
58780.16072274912,66.77080167879761,880.3273174030822,66.77080167879761,545.6069400897588,0.6197773592886674,0.44840695685936727,91.85358665442848,99.99999999999997,3.0,1.4,1.0,0.5,1.5,0.001,hard_source_time_limited
83767.76400682924,77.27658125475921,1083.9993520245212,77.27658125475921,679.3160109897991,0.6266756614947057,0.42269574730213694,105.52434903468931,99.99999999999997,3.0,1.4,1.0,0.5,1.5,0.001,hard_source_time_limited
119377.66417144357,89.54119518794924,1333.214995856006,89.54119518794924,847.2943892112728,0.6355271969223971,0.3984614033043107,121.13420496721277,99.99999999999997,3.0,1.4,1.0,0.5,1.5,0.001,hard_source_time_limited
170125.42798525892,105.73991198420285,1608.9045734280073,99.99999999999997,999.9999999999995,0.6215409021240786,0.37563367494145133,137.30515965453475,99.99999999999997,3.0,1.4,1.0,0.5,1.5,0.001,hard_source_time_limited
242446.20170823307,134.71603319649793,1799.6833484148024,99.99999999999997,999.9999999999995,0.555653304722089,0.35473462570034797,147.95536995180353,99.99999999999997,3.0,1.4,1.0,0.5,1.5,0.001,hard_source_time_limited
345510.7294592218,176.16626990563302,1961.2762967865617,99.99999999999997,999.9999999999995,0.5098720673055815,0.3358427174232503,156.68443399576918,99.99999999999997,3.0,1.4,1.0,0.5,1.5,0.001,hard_source_time_limited
492388.26317067415,223.37067116817482,2204.355032805346,99.99999999999997,999.9999999999995,0.4536474320687632,0.31877245441622926,169.376971029903,99.99999999999997,3.0,1.4,1.0,0.5,1.5,0.001,hard_source_time_limited
701703.8286703837,290.70511302160594,2413.79940440962,99.99999999999997,999.9999999999995,0.4142846328378248,0.3033412113308605,179.94265214997785,99.99999999999997,3.0,1.4,1.0,0.5,1.5,0.001,hard_source_time_limited
1000000.0,373.20690074067414,2679.478857479268,99.99999999999997,999.9999999999995,0.3732069007406739,0.28939800230413254,192.9153964217184,99.99999999999997,3.0,1.4,1.0,0.5,1.5,0.001,hard_source_time_limited
1425102.6703029992,481.9644922846493,2956.862368735103,99.99999999999997,999.9999999999995,0.33819632951931516,0.2767967484966095,206.0095752896819,99.99999999999997,3.0,1.4,1.0,0.5,1.5,0.001,hard_source_time_limited
2030917.620904739,626.1073544311986,3243.7210751976745,99.99999999999997,999.9999999999995,0.3082879128067628,0.2654103696080738,219.1268866634042,99.99999999999997,3.0,1.4,1.0,0.5,1.5,0.001,hard_source_time_limited
2894266.1247167517,799.9610631051796,3618.0087484285605,99.99999999999997,999.9999999999995,0.27639513045244507,0.255116658469894,235.674760877651,99.99999999999997,3.0,1.4,1.0,0.5,1.5,0.001,hard_source_time_limited
4124626.382901348,1026.9365214522015,4016.4375272861766,99.99999999999997,999.9999999999995,0.24897685902155156,0.24581545631511972,252.67407092140672,99.99999999999997,3.0,1.4,1.0,0.5,1.5,0.001,hard_source_time_limited
5878016.072274912,1324.564331583653,4437.697688301133,99.99999999999997,999.9999999999995,0.22534207380467725,0.23740946048820857,270.0464518740463,99.99999999999997,3.0,1.4,1.0,0.5,1.5,0.001,hard_source_time_limited
8376776.400682924,1716.5530088622734,4879.998670262463,99.99999999999997,999.9999999999995,0.2049180886244414,0.22981311813062918,287.7043770097411,99.99999999999997,3.0,1.4,1.0,0.5,1.5,0.001,hard_source_time_limited
11937766.417144358,2180.151304822707,5475.659597908116,99.99999999999997,999.9999999999995,0.18262640000156927,0.22294806277285117,310.6640224708488,99.99999999999997,3.0,1.4,1.0,0.5,1.5,0.001,hard_source_time_limited
17012542.798525892,2850.5152800522897,5968.234205786757,99.99999999999997,999.9999999999995,0.16755374630412573,0.21674302681226346,329.02626809330525,99.99999999999997,3.0,1.4,1.0,0.5,1.5,0.001,hard_source_time_limited
24244620.170823306,3648.3096107685737,6645.439328740467,99.99999999999997,999.9999999999995,0.150479140735686,0.21113511052120473,353.4672097153427,99.99999999999997,3.0,1.4,1.0,0.5,1.5,0.001,hard_source_time_limited
34551072.94592218,4685.986478335397,7373.276279319474,99.99999999999997,999.9999999999995,0.13562491925126882,0.20606752487389565,378.8264884110811,99.99999999999997,3.0,1.4,1.0,0.5,1.5,0.001,hard_source_time_limited
49238826.317067415,6040.201193743429,8151.852022424361,99.99999999999997,999.9999999999995,0.1226715103818334,0.20148766455523393,405.04585447484374,99.99999999999997,3.0,1.4,1.0,0.5,1.5,0.001,hard_source_time_limited
70170382.86703837,7813.4494807814535,8980.717548585257,99.99999999999997,999.9999999999995,0.11134967719339205,0.19734873296076663,432.05664782031073,99.99999999999997,3.0,1.4,1.0,0.5,1.5,0.001,hard_source_time_limited
100000000.0,10143.205914657772,9858.815924804576,99.99999999999997,999.9999999999995,0.10143205914657767,0.19360892873316626,459.7797487479795,99.99999999999997,3.0,1.4,1.0,0.5,1.5,0.001,hard_source_time_limited
142510267.03029963,12836.345061482136,11102.090692305277,99.99999999999997,999.9999999999995,0.09007312475776182,0.1902278884401755,497.6643299334537,99.99999999999997,3.0,1.4,1.0,0.5,1.5,0.001,hard_source_time_limited
203091762.0904739,16772.547799103126,12108.581506104503,99.99999999999997,999.9999999999995,0.08258605679747481,0.18717284589194452,527.3053523985932,99.99999999999997,3.0,1.4,1.0,0.5,1.5,0.001,hard_source_time_limited
289426612.47167516,21339.130734430117,13563.18662056337,99.99999999999997,999.9999999999995,0.07372898626078646,0.18441159411955985,568.7322097799798,99.99999999999997,3.0,1.4,1.0,0.5,1.5,0.001,hard_source_time_limited
412462638.29013646,27213.334712391767,15156.637091679871,99.99999999999997,999.9999999999995,0.06597769636834167,0.18191721206564718,612.4470795239532,99.99999999999997,3.0,1.4,1.0,0.5,1.5,0.001,hard_source_time_limited
587801607.2274925,35896.22936789546,16375.023716368523,99.99999999999997,999.9999999999995,0.061068613842702194,0.1796615737028992,644.843943345602,99.99999999999997,3.0,1.4,1.0,0.5,1.5,0.001,hard_source_time_limited
837677640.0682924,46021.992323647566,18201.68136523431,99.99999999999997,999.9999999999995,0.054939979441131506,0.17762330033776402,691.9494019225665,99.99999999999997,3.0,1.4,1.0,0.5,1.5,0.001,hard_source_time_limited
1193776641.7144358,59143.81748865526,20184.30146047677,99.99999999999997,999.9999999999995,0.04954345345852651,0.17578142291332083,741.3258586414363,99.99999999999997,3.0,1.4,1.0,0.5,1.5,0.001,hard_source_time_limited
1701254279.8525858,76186.95980328674,22329.993009895545,99.99999999999997,999.9999999999995,0.044782817422148284,0.174116904611626,792.9742011402753,99.99999999999997,3.0,1.4,1.0,0.5,1.5,0.001,hard_source_time_limited
2424462017.0823307,98373.763725085,24645.4128141089,99.99999999999997,999.9999999999995,0.040575502124578895,0.172612669178936,846.8842667361574,99.99999999999997,3.0,1.4,1.0,0.5,1.5,0.001,hard_source_time_limited
3455107294.5922184,127322.53731827771,27136.651274512595,99.99999999999997,999.9999999999995,0.03685053066732755,0.17125336959500503,903.0341392017856,99.99999999999997,3.0,1.4,1.0,0.5,1.5,0.001,hard_source_time_limited
4923882631.706752,159508.16892682473,30869.156513016023,99.99999999999997,999.9999999999995,0.03239479509517366,0.1700251442228612,984.0485108889949,99.99999999999997,3.0,1.4,1.0,0.5,1.5,0.001,hard_source_time_limited
7017038286.703836,207303.57660180252,33849.09417256442,99.99999999999997,999.9999999999995,0.02954288805785904,0.1689142389889255,1046.4007303076164,99.99999999999997,3.0,1.4,1.0,0.5,1.5,0.001,hard_source_time_limited
10000000000.0,270058.60114071507,37029.000216102955,99.99999999999997,999.9999999999995,0.027005860114071495,0.16791064061473332,1110.9503688787242,99.99999999999997,3.0,1.4,1.0,0.5,1.5,0.001,hard_source_time_limited
