step,excess_risk,trial,theta,lr,a,b,dimension,q_eff_pred
250,2.5077165056288755,0,0.0,0.001,1.5,1.4,2048,0.0
500,2.1640312157652835,0,0.0,0.001,1.5,1.4,2048,0.0
1000,1.772514286695813,0,0.0,0.001,1.5,1.4,2048,0.0
2000,1.4374077352248191,0,0.0,0.001,1.5,1.4,2048,0.0
4000,1.1795604631464949,0,0.0,0.001,1.5,1.4,2048,0.0
8000,0.9607897384244786,0,0.0,0.001,1.5,1.4,2048,0.0
250,1.92528702313534,0,0.0,0.003,1.5,1.4,2048,0.0
500,1.5772315287064693,0,0.0,0.003,1.5,1.4,2048,0.0
1000,1.2849562492444466,0,0.0,0.003,1.5,1.4,2048,0.0
2000,1.0479497746717448,0,0.0,0.003,1.5,1.4,2048,0.0
4000,0.8491660870926376,0,0.0,0.003,1.5,1.4,2048,0.0
8000,0.6846123672641482,0,0.0,0.003,1.5,1.4,2048,0.0
250,1.6673846914335486,0,0.0,0.005,1.5,1.4,2048,0.0
500,1.3600880380902043,0,0.0,0.005,1.5,1.4,2048,0.0
1000,1.1132883197698202,0,0.0,0.005,1.5,1.4,2048,0.0
2000,0.9025282256146899,0,0.0,0.005,1.5,1.4,2048,0.0
4000,0.7254129307775999,0,0.0,0.005,1.5,1.4,2048,0.0
8000,0.5825426881819137,0,0.0,0.005,1.5,1.4,2048,0.0
250,1.3544198044861573,0,0.0,0.01,1.5,1.4,2048,0.0
500,1.107767812595135,0,0.0,0.01,1.5,1.4,2048,0.0
1000,0.8959018533363748,0,0.0,0.01,1.5,1.4,2048,0.0
2000,0.7254888742245221,0,0.0,0.01,1.5,1.4,2048,0.0
4000,0.5853771780397095,0,0.0,0.01,1.5,1.4,2048,0.0
8000,0.4666909235308765,0,0.0,0.01,1.5,1.4,2048,0.0
250,0.989372220346311,0,0.0,0.03,1.5,1.4,2048,0.0
500,0.7959911795316502,0,0.0,0.03,1.5,1.4,2048,0.0
1000,0.6428146563232868,0,0.0,0.03,1.5,1.4,2048,0.0
2000,0.5147912689446871,0,0.0,0.03,1.5,1.4,2048,0.0
4000,0.4078684088039339,0,0.0,0.03,1.5,1.4,2048,0.0
8000,0.31747582836483157,0,0.0,0.03,1.5,1.4,2048,0.0
250,2.453467700009449,0,0.25,0.001,1.5,1.4,2048,0.125
500,2.111999492386867,0,0.25,0.001,1.5,1.4,2048,0.125
1000,1.699180727150704,0,0.25,0.001,1.5,1.4,2048,0.125
2000,1.3398542572525205,0,0.25,0.001,1.5,1.4,2048,0.125
4000,1.0700385174449587,0,0.25,0.001,1.5,1.4,2048,0.125
8000,0.8438158656744434,0,0.25,0.001,1.5,1.4,2048,0.125
250,1.8959112811385501,0,0.25,0.003,1.5,1.4,2048,0.125
500,1.4815772910902625,0,0.25,0.003,1.5,1.4,2048,0.125
1000,1.1782324323915672,0,0.25,0.003,1.5,1.4,2048,0.125
2000,0.9359217827941214,0,0.25,0.003,1.5,1.4,2048,0.125
4000,0.735055032794,0,0.25,0.003,1.5,1.4,2048,0.125
8000,0.5707984160110768,0,0.25,0.003,1.5,1.4,2048,0.125
250,1.603217273494338,0,0.25,0.005,1.5,1.4,2048,0.125
500,1.2515453637830514,0,0.25,0.005,1.5,1.4,2048,0.125
1000,0.9892006090628281,0,0.25,0.005,1.5,1.4,2048,0.125
2000,0.7767561703057474,0,0.25,0.005,1.5,1.4,2048,0.125
4000,0.6090936305514093,0,0.25,0.005,1.5,1.4,2048,0.125
8000,0.46975159866076277,0,0.25,0.005,1.5,1.4,2048,0.125
250,1.2600797100956027,0,0.25,0.01,1.5,1.4,2048,0.125
500,0.9995326178227165,0,0.25,0.01,1.5,1.4,2048,0.125
1000,0.7844108178608911,0,0.25,0.01,1.5,1.4,2048,0.125
2000,0.608344415045871,0,0.25,0.01,1.5,1.4,2048,0.125
4000,0.47055612113480505,0,0.25,0.01,1.5,1.4,2048,0.125
8000,0.3586853667629531,0,0.25,0.01,1.5,1.4,2048,0.125
250,0.8852337864215363,0,0.25,0.03,1.5,1.4,2048,0.125
500,0.6906576214806149,0,0.25,0.03,1.5,1.4,2048,0.125
1000,0.5367873996762634,0,0.25,0.03,1.5,1.4,2048,0.125
2000,0.4105806317376756,0,0.25,0.03,1.5,1.4,2048,0.125
4000,0.306654597026435,0,0.25,0.03,1.5,1.4,2048,0.125
8000,0.2247549019917765,0,0.25,0.03,1.5,1.4,2048,0.125
250,2.436679185635066,0,0.5,0.001,1.5,1.4,2048,0.25
500,2.0653265083998646,0,0.5,0.001,1.5,1.4,2048,0.25
1000,1.6190361166119143,0,0.5,0.001,1.5,1.4,2048,0.25
2000,1.2352054569780222,0,0.5,0.001,1.5,1.4,2048,0.25
4000,0.940430856929087,0,0.5,0.001,1.5,1.4,2048,0.25
8000,0.7115163997483367,0,0.5,0.001,1.5,1.4,2048,0.25
250,1.8040287754510143,0,0.5,0.003,1.5,1.4,2048,0.25
500,1.3822446076534292,0,0.5,0.003,1.5,1.4,2048,0.25
1000,1.0568574403574051,0,0.5,0.003,1.5,1.4,2048,0.25
2000,0.8018132232469722,0,0.5,0.003,1.5,1.4,2048,0.25
4000,0.6009006563853646,0,0.5,0.003,1.5,1.4,2048,0.25
8000,0.44522434442598435,0,0.5,0.003,1.5,1.4,2048,0.25
250,1.4848849035749174,0,0.5,0.005,1.5,1.4,2048,0.25
500,1.1301037316608349,0,0.5,0.005,1.5,1.4,2048,0.25
1000,0.8651211889047532,0,0.5,0.005,1.5,1.4,2048,0.25
2000,0.6525122813161967,0,0.5,0.005,1.5,1.4,2048,0.25
4000,0.48249779699908046,0,0.5,0.005,1.5,1.4,2048,0.25
8000,0.3508433541784013,0,0.5,0.005,1.5,1.4,2048,0.25
250,1.150637141929228,0,0.5,0.01,1.5,1.4,2048,0.25
500,0.8712218894713646,0,0.5,0.01,1.5,1.4,2048,0.25
1000,0.6562675850000746,0,0.5,0.01,1.5,1.4,2048,0.25
2000,0.48384602641604674,0,0.5,0.01,1.5,1.4,2048,0.25
4000,0.3521187389470092,0,0.5,0.01,1.5,1.4,2048,0.25
8000,0.24993184364898724,0,0.5,0.01,1.5,1.4,2048,0.25
250,0.7487888644662734,0,0.5,0.03,1.5,1.4,2048,0.25
500,0.553169038077743,0,0.5,0.03,1.5,1.4,2048,0.25
1000,0.40397022231065194,0,0.5,0.03,1.5,1.4,2048,0.25
2000,0.29081921597563487,0,0.5,0.03,1.5,1.4,2048,0.25
4000,0.20304672204671184,0,0.5,0.03,1.5,1.4,2048,0.25
8000,0.13326531884934745,0,0.5,0.03,1.5,1.4,2048,0.25
250,2.4029034888068868,0,0.75,0.001,1.5,1.4,2048,0.375
500,2.002159944512093,0,0.75,0.001,1.5,1.4,2048,0.375
1000,1.533013171513886,0,0.75,0.001,1.5,1.4,2048,0.375
2000,1.1047266345112732,0,0.75,0.001,1.5,1.4,2048,0.375
4000,0.7934417751445629,0,0.75,0.001,1.5,1.4,2048,0.375
8000,0.5609198901360934,0,0.75,0.001,1.5,1.4,2048,0.375
250,1.7069443667981976,0,0.75,0.003,1.5,1.4,2048,0.375
500,1.2740633170721989,0,0.75,0.003,1.5,1.4,2048,0.375
1000,0.9155979199803067,0,0.75,0.003,1.5,1.4,2048,0.375
2000,0.6511584201150343,0,0.75,0.003,1.5,1.4,2048,0.375
4000,0.4529144230559495,0,0.75,0.003,1.5,1.4,2048,0.375
8000,0.308135779526472,0,0.75,0.003,1.5,1.4,2048,0.375
250,1.380942630575269,0,0.75,0.005,1.5,1.4,2048,0.375
500,0.9961849152443246,0,0.75,0.005,1.5,1.4,2048,0.375
1000,0.7114559838763945,0,0.75,0.005,1.5,1.4,2048,0.375
2000,0.49752390808347424,0,0.75,0.005,1.5,1.4,2048,0.375
4000,0.34264223549952616,0,0.75,0.005,1.5,1.4,2048,0.375
8000,0.22544024227585707,0,0.75,0.005,1.5,1.4,2048,0.375
250,0.997952208096686,0,0.75,0.01,1.5,1.4,2048,0.375
500,0.7053707162120214,0,0.75,0.01,1.5,1.4,2048,0.375
1000,0.4933077467349246,0,0.75,0.01,1.5,1.4,2048,0.375
2000,0.33949774611629335,0,0.75,0.01,1.5,1.4,2048,0.375
4000,0.22579172131104025,0,0.75,0.01,1.5,1.4,2048,0.375
8000,0.14035681063267555,0,0.75,0.01,1.5,1.4,2048,0.375
250,0.5693712759992773,0,0.75,0.03,1.5,1.4,2048,0.375
500,0.4054918981679668,0,0.75,0.03,1.5,1.4,2048,0.375
1000,0.27600567493749095,0,0.75,0.03,1.5,1.4,2048,0.375
2000,0.17557027164461272,0,0.75,0.03,1.5,1.4,2048,0.375
4000,0.10325186253421259,0,0.75,0.03,1.5,1.4,2048,0.375
8000,0.05325642499084285,0,0.75,0.03,1.5,1.4,2048,0.375
250,2.359089245994443,0,1.0,0.001,1.5,1.4,2048,0.5
500,1.936539728542588,0,1.0,0.001,1.5,1.4,2048,0.5
1000,1.4232524853171027,0,1.0,0.001,1.5,1.4,2048,0.5
2000,0.9486338401460276,0,1.0,0.001,1.5,1.4,2048,0.5
4000,0.6167101519024556,0,1.0,0.001,1.5,1.4,2048,0.5
8000,0.3892348603504723,0,1.0,0.001,1.5,1.4,2048,0.5
250,1.5901953872385122,0,1.0,0.003,1.5,1.4,2048,0.5
500,1.1112380072396855,0,1.0,0.003,1.5,1.4,2048,0.5
1000,0.7312224003690841,0,1.0,0.003,1.5,1.4,2048,0.5
2000,0.4672224690355355,0,1.0,0.003,1.5,1.4,2048,0.5
4000,0.2906288087855677,0,1.0,0.003,1.5,1.4,2048,0.5
8000,0.1689226099632327,0,1.0,0.003,1.5,1.4,2048,0.5
250,1.2438036723636974,0,1.0,0.005,1.5,1.4,2048,0.5
500,0.8302567897449161,0,1.0,0.005,1.5,1.4,2048,0.5
1000,0.5395834326498123,0,1.0,0.005,1.5,1.4,2048,0.5
2000,0.33529708964584065,0,1.0,0.005,1.5,1.4,2048,0.5
4000,0.1984609698822713,0,1.0,0.005,1.5,1.4,2048,0.5
8000,0.10622774987619771,0,1.0,0.005,1.5,1.4,2048,0.5
250,0.8548131717468902,0,1.0,0.01,1.5,1.4,2048,0.5
500,0.5487930317583057,0,1.0,0.01,1.5,1.4,2048,0.5
1000,0.34215013089058455,0,1.0,0.01,1.5,1.4,2048,0.5
2000,0.1994246311908524,0,1.0,0.01,1.5,1.4,2048,0.5
4000,0.10647282078381043,0,1.0,0.01,1.5,1.4,2048,0.5
8000,0.048724641384945484,0,1.0,0.01,1.5,1.4,2048,0.5
250,0.41703457939185845,0,1.0,0.03,1.5,1.4,2048,0.5
500,0.25310476146058714,0,1.0,0.03,1.5,1.4,2048,0.5
1000,0.14472747179354278,0,1.0,0.03,1.5,1.4,2048,0.5
2000,0.0715860329524227,0,1.0,0.03,1.5,1.4,2048,0.5
4000,0.02830511024530931,0,1.0,0.03,1.5,1.4,2048,0.5
8000,0.007407912970407765,0,1.0,0.03,1.5,1.4,2048,0.5
250,2.5009218887559586,1,0.0,0.001,1.5,1.4,2048,0.0
500,2.185168214608257,1,0.0,0.001,1.5,1.4,2048,0.0
1000,1.7847510050542812,1,0.0,0.001,1.5,1.4,2048,0.0
2000,1.4471071888973819,1,0.0,0.001,1.5,1.4,2048,0.0
4000,1.1817421297882245,1,0.0,0.001,1.5,1.4,2048,0.0
8000,0.9620548870128371,1,0.0,0.001,1.5,1.4,2048,0.0
250,1.935779399107613,1,0.0,0.003,1.5,1.4,2048,0.0
500,1.571977355396738,1,0.0,0.003,1.5,1.4,2048,0.0
1000,1.2833769082487052,1,0.0,0.003,1.5,1.4,2048,0.0
2000,1.0511769024187783,1,0.0,0.003,1.5,1.4,2048,0.0
4000,0.8524590976607174,1,0.0,0.003,1.5,1.4,2048,0.0
8000,0.6862896363057307,1,0.0,0.003,1.5,1.4,2048,0.0
250,1.6528160827397542,1,0.0,0.005,1.5,1.4,2048,0.0
500,1.3479029330058514,1,0.0,0.005,1.5,1.4,2048,0.0
1000,1.1042063228528038,1,0.0,0.005,1.5,1.4,2048,0.0
2000,0.892901224214033,1,0.0,0.005,1.5,1.4,2048,0.0
4000,0.7238513589335197,1,0.0,0.005,1.5,1.4,2048,0.0
8000,0.5830857485701545,1,0.0,0.005,1.5,1.4,2048,0.0
250,1.362890989390821,1,0.0,0.01,1.5,1.4,2048,0.0
500,1.1161317264320063,1,0.0,0.01,1.5,1.4,2048,0.0
1000,0.8992845599803032,1,0.0,0.01,1.5,1.4,2048,0.0
2000,0.7240460365216607,1,0.0,0.01,1.5,1.4,2048,0.0
4000,0.5823343988841568,1,0.0,0.01,1.5,1.4,2048,0.0
8000,0.4643075056364624,1,0.0,0.01,1.5,1.4,2048,0.0
250,0.9746669379616453,1,0.0,0.03,1.5,1.4,2048,0.0
500,0.7954542459096708,1,0.0,0.03,1.5,1.4,2048,0.0
1000,0.63798368416321,1,0.0,0.03,1.5,1.4,2048,0.0
2000,0.5124545894955117,1,0.0,0.03,1.5,1.4,2048,0.0
4000,0.4051808769051347,1,0.0,0.03,1.5,1.4,2048,0.0
8000,0.3165835457998719,1,0.0,0.03,1.5,1.4,2048,0.0
250,2.4537110290189337,1,0.25,0.001,1.5,1.4,2048,0.125
500,2.114821671864793,1,0.25,0.001,1.5,1.4,2048,0.125
1000,1.7041469909754638,1,0.25,0.001,1.5,1.4,2048,0.125
2000,1.352370324828336,1,0.25,0.001,1.5,1.4,2048,0.125
4000,1.069656096451014,1,0.25,0.001,1.5,1.4,2048,0.125
8000,0.8438185087623655,1,0.25,0.001,1.5,1.4,2048,0.125
250,1.885587582835977,1,0.25,0.003,1.5,1.4,2048,0.125
500,1.5031791429181398,1,0.25,0.003,1.5,1.4,2048,0.125
1000,1.1720776011708824,1,0.25,0.003,1.5,1.4,2048,0.125
2000,0.9258040136312294,1,0.25,0.003,1.5,1.4,2048,0.125
4000,0.7312155170925033,1,0.25,0.003,1.5,1.4,2048,0.125
8000,0.5710645672230801,1,0.25,0.003,1.5,1.4,2048,0.125
250,1.5903453573849635,1,0.25,0.005,1.5,1.4,2048,0.125
500,1.2475317097621008,1,0.25,0.005,1.5,1.4,2048,0.125
1000,0.9955950989718005,1,0.25,0.005,1.5,1.4,2048,0.125
2000,0.7810628757197449,1,0.25,0.005,1.5,1.4,2048,0.125
4000,0.6117470114921028,1,0.25,0.005,1.5,1.4,2048,0.125
8000,0.47175087301211777,1,0.25,0.005,1.5,1.4,2048,0.125
250,1.276242065907268,1,0.25,0.01,1.5,1.4,2048,0.125
500,1.0017406892212388,1,0.25,0.01,1.5,1.4,2048,0.125
1000,0.7901470724687938,1,0.25,0.01,1.5,1.4,2048,0.125
2000,0.6099335867665586,1,0.25,0.01,1.5,1.4,2048,0.125
4000,0.4715278253936251,1,0.25,0.01,1.5,1.4,2048,0.125
8000,0.35859703610936255,1,0.25,0.01,1.5,1.4,2048,0.125
250,0.8628772501380313,1,0.25,0.03,1.5,1.4,2048,0.125
500,0.677354654775787,1,0.25,0.03,1.5,1.4,2048,0.125
1000,0.5176422142130505,1,0.25,0.03,1.5,1.4,2048,0.125
2000,0.40387265178948384,1,0.25,0.03,1.5,1.4,2048,0.125
4000,0.30565791913825496,1,0.25,0.03,1.5,1.4,2048,0.125
8000,0.22471448730581373,1,0.25,0.03,1.5,1.4,2048,0.125
250,2.4457967599893133,1,0.5,0.001,1.5,1.4,2048,0.25
500,2.0946428240554424,1,0.5,0.001,1.5,1.4,2048,0.25
1000,1.6409641629315428,1,0.5,0.001,1.5,1.4,2048,0.25
2000,1.2473398990720286,1,0.5,0.001,1.5,1.4,2048,0.25
4000,0.9469511647312064,1,0.5,0.001,1.5,1.4,2048,0.25
8000,0.7136786865413013,1,0.5,0.001,1.5,1.4,2048,0.25
250,1.8402943220159294,1,0.5,0.003,1.5,1.4,2048,0.25
500,1.4049639623961125,1,0.5,0.003,1.5,1.4,2048,0.25
1000,1.061709703899217,1,0.5,0.003,1.5,1.4,2048,0.25
2000,0.8038317945682517,1,0.5,0.003,1.5,1.4,2048,0.25
4000,0.5994968492716051,1,0.5,0.003,1.5,1.4,2048,0.25
8000,0.44306862003699266,1,0.5,0.003,1.5,1.4,2048,0.25
250,1.4562817239295682,1,0.5,0.005,1.5,1.4,2048,0.25
500,1.1300544619059536,1,0.5,0.005,1.5,1.4,2048,0.25
1000,0.8627610390758227,1,0.5,0.005,1.5,1.4,2048,0.25
2000,0.6512186674516769,1,0.5,0.005,1.5,1.4,2048,0.25
4000,0.48220193460270544,1,0.5,0.005,1.5,1.4,2048,0.25
8000,0.3505459223879179,1,0.5,0.005,1.5,1.4,2048,0.25
250,1.149087193117895,1,0.5,0.01,1.5,1.4,2048,0.25
500,0.8722098776713595,1,0.5,0.01,1.5,1.4,2048,0.25
1000,0.6440198670375872,1,0.5,0.01,1.5,1.4,2048,0.25
2000,0.48317178751636347,1,0.5,0.01,1.5,1.4,2048,0.25
4000,0.3517683734785105,1,0.5,0.01,1.5,1.4,2048,0.25
8000,0.24876789652747858,1,0.5,0.01,1.5,1.4,2048,0.25
250,0.7297854925579476,1,0.5,0.03,1.5,1.4,2048,0.25
500,0.5407694295560576,1,0.5,0.03,1.5,1.4,2048,0.25
1000,0.3973115557450072,1,0.5,0.03,1.5,1.4,2048,0.25
2000,0.286838449225495,1,0.5,0.03,1.5,1.4,2048,0.25
4000,0.20096861007803754,1,0.5,0.03,1.5,1.4,2048,0.25
8000,0.13254692399761148,1,0.5,0.03,1.5,1.4,2048,0.25
250,2.413760360468241,1,0.75,0.001,1.5,1.4,2048,0.375
500,2.0139837024741536,1,0.75,0.001,1.5,1.4,2048,0.375
1000,1.543020815009128,1,0.75,0.001,1.5,1.4,2048,0.375
2000,1.1050496986249119,1,0.75,0.001,1.5,1.4,2048,0.375
4000,0.7900713972202622,1,0.75,0.001,1.5,1.4,2048,0.375
8000,0.5611849680088955,1,0.75,0.001,1.5,1.4,2048,0.375
250,1.7128142977916547,1,0.75,0.003,1.5,1.4,2048,0.375
500,1.270934791899422,1,0.75,0.003,1.5,1.4,2048,0.375
1000,0.913972239838472,1,0.75,0.003,1.5,1.4,2048,0.375
2000,0.6488526058863056,1,0.75,0.003,1.5,1.4,2048,0.375
4000,0.4552947268136673,1,0.75,0.003,1.5,1.4,2048,0.375
8000,0.3080175544892777,1,0.75,0.003,1.5,1.4,2048,0.375
250,1.4069113186609497,1,0.75,0.005,1.5,1.4,2048,0.375
500,1.0211874601678148,1,0.75,0.005,1.5,1.4,2048,0.375
1000,0.7163207975927552,1,0.75,0.005,1.5,1.4,2048,0.375
2000,0.4979502450166668,1,0.75,0.005,1.5,1.4,2048,0.375
4000,0.3419458706511438,1,0.75,0.005,1.5,1.4,2048,0.375
8000,0.22590984889884097,1,0.75,0.005,1.5,1.4,2048,0.375
250,0.9888502574509365,1,0.75,0.01,1.5,1.4,2048,0.375
500,0.7139970542063215,1,0.75,0.01,1.5,1.4,2048,0.375
1000,0.5022283432809445,1,0.75,0.01,1.5,1.4,2048,0.375
2000,0.3447402271501239,1,0.75,0.01,1.5,1.4,2048,0.375
4000,0.22592368525762674,1,0.75,0.01,1.5,1.4,2048,0.375
8000,0.14047725090378688,1,0.75,0.01,1.5,1.4,2048,0.375
250,0.5897162010807252,1,0.75,0.03,1.5,1.4,2048,0.375
500,0.4017960993168727,1,0.75,0.03,1.5,1.4,2048,0.375
1000,0.2698759393815035,1,0.75,0.03,1.5,1.4,2048,0.375
2000,0.17378526534276265,1,0.75,0.03,1.5,1.4,2048,0.375
4000,0.10294204923701494,1,0.75,0.03,1.5,1.4,2048,0.375
8000,0.05322953107612664,1,0.75,0.03,1.5,1.4,2048,0.375
250,2.3379650525357647,1,1.0,0.001,1.5,1.4,2048,0.5
500,1.9218867895225713,1,1.0,0.001,1.5,1.4,2048,0.5
1000,1.4093074908195218,1,1.0,0.001,1.5,1.4,2048,0.5
2000,0.9501228066773492,1,1.0,0.001,1.5,1.4,2048,0.5
4000,0.619220250520955,1,1.0,0.001,1.5,1.4,2048,0.5
8000,0.3911929748123315,1,1.0,0.001,1.5,1.4,2048,0.5
250,1.5970765313053275,1,1.0,0.003,1.5,1.4,2048,0.5
500,1.120266032701689,1,1.0,0.003,1.5,1.4,2048,0.5
1000,0.7396137341168969,1,1.0,0.003,1.5,1.4,2048,0.5
2000,0.47795216777650595,1,1.0,0.003,1.5,1.4,2048,0.5
4000,0.294499890103871,1,1.0,0.003,1.5,1.4,2048,0.5
8000,0.17063210239663704,1,1.0,0.003,1.5,1.4,2048,0.5
250,1.235310109600527,1,1.0,0.005,1.5,1.4,2048,0.5
500,0.808698974713452,1,1.0,0.005,1.5,1.4,2048,0.5
1000,0.5262919751643745,1,1.0,0.005,1.5,1.4,2048,0.5
2000,0.33335002677240183,1,1.0,0.005,1.5,1.4,2048,0.5
4000,0.19622628426914765,1,1.0,0.005,1.5,1.4,2048,0.5
8000,0.10616457661014325,1,1.0,0.005,1.5,1.4,2048,0.5
250,0.834442900787123,1,1.0,0.01,1.5,1.4,2048,0.5
500,0.5315969292631891,1,1.0,0.01,1.5,1.4,2048,0.5
1000,0.3312621427533191,1,1.0,0.01,1.5,1.4,2048,0.5
2000,0.19591332959061863,1,1.0,0.01,1.5,1.4,2048,0.5
4000,0.10681331463597378,1,1.0,0.01,1.5,1.4,2048,0.5
8000,0.04884047794699274,1,1.0,0.01,1.5,1.4,2048,0.5
250,0.4195881652182922,1,1.0,0.03,1.5,1.4,2048,0.5
500,0.25467526718202593,1,1.0,0.03,1.5,1.4,2048,0.5
1000,0.1444933163609176,1,1.0,0.03,1.5,1.4,2048,0.5
2000,0.07346402533712704,1,1.0,0.03,1.5,1.4,2048,0.5
4000,0.028847285863336708,1,1.0,0.03,1.5,1.4,2048,0.5
8000,0.007510632169422191,1,1.0,0.03,1.5,1.4,2048,0.5
250,2.4918223036271514,2,0.0,0.001,1.5,1.4,2048,0.0
500,2.1588270033794292,2,0.0,0.001,1.5,1.4,2048,0.0
1000,1.778608875454082,2,0.0,0.001,1.5,1.4,2048,0.0
2000,1.434974900968018,2,0.0,0.001,1.5,1.4,2048,0.0
4000,1.1771706590695101,2,0.0,0.001,1.5,1.4,2048,0.0
8000,0.9609058395309822,2,0.0,0.001,1.5,1.4,2048,0.0
250,1.9195707936808233,2,0.0,0.003,1.5,1.4,2048,0.0
500,1.5769702198455982,2,0.0,0.003,1.5,1.4,2048,0.0
1000,1.2904995934601369,2,0.0,0.003,1.5,1.4,2048,0.0
2000,1.0488631406562012,2,0.0,0.003,1.5,1.4,2048,0.0
4000,0.850849195739679,2,0.0,0.003,1.5,1.4,2048,0.0
8000,0.685837095245851,2,0.0,0.003,1.5,1.4,2048,0.0
250,1.6499010411199442,2,0.0,0.005,1.5,1.4,2048,0.0
500,1.3483987491018874,2,0.0,0.005,1.5,1.4,2048,0.0
1000,1.1066640283149662,2,0.0,0.005,1.5,1.4,2048,0.0
2000,0.8980856322407409,2,0.0,0.005,1.5,1.4,2048,0.0
4000,0.7239364130679209,2,0.0,0.005,1.5,1.4,2048,0.0
8000,0.5817108230942649,2,0.0,0.005,1.5,1.4,2048,0.0
250,1.3309496802468437,2,0.0,0.01,1.5,1.4,2048,0.0
500,1.098443788618969,2,0.0,0.01,1.5,1.4,2048,0.0
1000,0.8965227276398731,2,0.0,0.01,1.5,1.4,2048,0.0
2000,0.7269103137992766,2,0.0,0.01,1.5,1.4,2048,0.0
4000,0.581704424746411,2,0.0,0.01,1.5,1.4,2048,0.0
8000,0.46429386935187883,2,0.0,0.01,1.5,1.4,2048,0.0
250,0.9704687140691761,2,0.0,0.03,1.5,1.4,2048,0.0
500,0.793177588998411,2,0.0,0.03,1.5,1.4,2048,0.0
1000,0.6428587250298791,2,0.0,0.03,1.5,1.4,2048,0.0
2000,0.5132856431610915,2,0.0,0.03,1.5,1.4,2048,0.0
4000,0.4064335883571989,2,0.0,0.03,1.5,1.4,2048,0.0
8000,0.3173071515032254,2,0.0,0.03,1.5,1.4,2048,0.0
250,2.4553452613394873,2,0.25,0.001,1.5,1.4,2048,0.125
500,2.0990767492792153,2,0.25,0.001,1.5,1.4,2048,0.125
1000,1.7034753856727265,2,0.25,0.001,1.5,1.4,2048,0.125
2000,1.3445369770996758,2,0.25,0.001,1.5,1.4,2048,0.125
4000,1.070045309014955,2,0.25,0.001,1.5,1.4,2048,0.125
8000,0.8437743554670867,2,0.25,0.001,1.5,1.4,2048,0.125
250,1.84392694985597,2,0.25,0.003,1.5,1.4,2048,0.125
500,1.4717559630254984,2,0.25,0.003,1.5,1.4,2048,0.125
1000,1.1769455155365265,2,0.25,0.003,1.5,1.4,2048,0.125
2000,0.9312961776644998,2,0.25,0.003,1.5,1.4,2048,0.125
4000,0.7321724315799436,2,0.25,0.003,1.5,1.4,2048,0.125
8000,0.570324542846052,2,0.25,0.003,1.5,1.4,2048,0.125
250,1.582278182671301,2,0.25,0.005,1.5,1.4,2048,0.125
500,1.2548618161993292,2,0.25,0.005,1.5,1.4,2048,0.125
1000,0.9865914031741374,2,0.25,0.005,1.5,1.4,2048,0.125
2000,0.7801033405694955,2,0.25,0.005,1.5,1.4,2048,0.125
4000,0.6092105835216572,2,0.25,0.005,1.5,1.4,2048,0.125
8000,0.47127187134945386,2,0.25,0.005,1.5,1.4,2048,0.125
250,1.2686273969838566,2,0.25,0.01,1.5,1.4,2048,0.125
500,0.9965406837311485,2,0.25,0.01,1.5,1.4,2048,0.125
1000,0.7784532595166183,2,0.25,0.01,1.5,1.4,2048,0.125
2000,0.6096016444059587,2,0.25,0.01,1.5,1.4,2048,0.125
4000,0.47013295116650766,2,0.25,0.01,1.5,1.4,2048,0.125
8000,0.35921145224235074,2,0.25,0.01,1.5,1.4,2048,0.125
250,0.8688819700627841,2,0.25,0.03,1.5,1.4,2048,0.125
500,0.6802300106704469,2,0.25,0.03,1.5,1.4,2048,0.125
1000,0.5289318011980297,2,0.25,0.03,1.5,1.4,2048,0.125
2000,0.40248468114162517,2,0.25,0.03,1.5,1.4,2048,0.125
4000,0.3043889341951276,2,0.25,0.03,1.5,1.4,2048,0.125
8000,0.2241153833354786,2,0.25,0.03,1.5,1.4,2048,0.125
250,2.4427375863323966,2,0.5,0.001,1.5,1.4,2048,0.25
500,2.087645479135058,2,0.5,0.001,1.5,1.4,2048,0.25
1000,1.645186303090543,2,0.5,0.001,1.5,1.4,2048,0.25
2000,1.2420586396276159,2,0.5,0.001,1.5,1.4,2048,0.25
4000,0.9444007659565624,2,0.5,0.001,1.5,1.4,2048,0.25
8000,0.7119901310158405,2,0.5,0.001,1.5,1.4,2048,0.25
250,1.8037257517010787,2,0.5,0.003,1.5,1.4,2048,0.25
500,1.3822070657383738,2,0.5,0.003,1.5,1.4,2048,0.25
1000,1.0609462876846163,2,0.5,0.003,1.5,1.4,2048,0.25
2000,0.8023154407827444,2,0.5,0.003,1.5,1.4,2048,0.25
4000,0.6010359924184968,2,0.5,0.003,1.5,1.4,2048,0.25
8000,0.4453851919562485,2,0.5,0.003,1.5,1.4,2048,0.25
250,1.5146352193361974,2,0.5,0.005,1.5,1.4,2048,0.25
500,1.1320212352805081,2,0.5,0.005,1.5,1.4,2048,0.25
1000,0.8657173127633466,2,0.5,0.005,1.5,1.4,2048,0.25
2000,0.6501341715113865,2,0.5,0.005,1.5,1.4,2048,0.25
4000,0.4850113179667115,2,0.5,0.005,1.5,1.4,2048,0.25
8000,0.35176496644399513,2,0.5,0.005,1.5,1.4,2048,0.25
250,1.1614220627057457,2,0.5,0.01,1.5,1.4,2048,0.25
500,0.8701760411347992,2,0.5,0.01,1.5,1.4,2048,0.25
1000,0.6493779364123924,2,0.5,0.01,1.5,1.4,2048,0.25
2000,0.48365532894371893,2,0.5,0.01,1.5,1.4,2048,0.25
4000,0.35175595703472157,2,0.5,0.01,1.5,1.4,2048,0.25
8000,0.24954349020512745,2,0.5,0.01,1.5,1.4,2048,0.25
250,0.727945889605515,2,0.5,0.03,1.5,1.4,2048,0.25
500,0.5461598052394692,2,0.5,0.03,1.5,1.4,2048,0.25
1000,0.4000355535936144,2,0.5,0.03,1.5,1.4,2048,0.25
2000,0.2866623362828023,2,0.5,0.03,1.5,1.4,2048,0.25
4000,0.20052483322051673,2,0.5,0.03,1.5,1.4,2048,0.25
8000,0.13332437308139836,2,0.5,0.03,1.5,1.4,2048,0.25
250,2.391646787616475,2,0.75,0.001,1.5,1.4,2048,0.375
500,2.0174309853064627,2,0.75,0.001,1.5,1.4,2048,0.375
1000,1.5458209121347963,2,0.75,0.001,1.5,1.4,2048,0.375
2000,1.1164144641384093,2,0.75,0.001,1.5,1.4,2048,0.375
4000,0.7936760659685083,2,0.75,0.001,1.5,1.4,2048,0.375
8000,0.5611474816419313,2,0.75,0.001,1.5,1.4,2048,0.375
250,1.7260124450287344,2,0.75,0.003,1.5,1.4,2048,0.375
500,1.2713230213039572,2,0.75,0.003,1.5,1.4,2048,0.375
1000,0.9186217968591757,2,0.75,0.003,1.5,1.4,2048,0.375
2000,0.6521490451940225,2,0.75,0.003,1.5,1.4,2048,0.375
4000,0.45375049519814237,2,0.75,0.003,1.5,1.4,2048,0.375
8000,0.30697895449724044,2,0.75,0.003,1.5,1.4,2048,0.375
250,1.3996186250489995,2,0.75,0.005,1.5,1.4,2048,0.375
500,1.008660599000115,2,0.75,0.005,1.5,1.4,2048,0.375
1000,0.7247455675664214,2,0.75,0.005,1.5,1.4,2048,0.375
2000,0.5025486101404137,2,0.75,0.005,1.5,1.4,2048,0.375
4000,0.34420830951639403,2,0.75,0.005,1.5,1.4,2048,0.375
8000,0.22722723853379728,2,0.75,0.005,1.5,1.4,2048,0.375
250,1.0054176297808328,2,0.75,0.01,1.5,1.4,2048,0.375
500,0.7117526564252952,2,0.75,0.01,1.5,1.4,2048,0.375
1000,0.4979591350299678,2,0.75,0.01,1.5,1.4,2048,0.375
2000,0.3427829251134492,2,0.75,0.01,1.5,1.4,2048,0.375
4000,0.22618359697767976,2,0.75,0.01,1.5,1.4,2048,0.375
8000,0.1409927225965532,2,0.75,0.01,1.5,1.4,2048,0.375
250,0.5873202013278601,2,0.75,0.03,1.5,1.4,2048,0.375
500,0.40365609159683025,2,0.75,0.03,1.5,1.4,2048,0.375
1000,0.2715804519327225,2,0.75,0.03,1.5,1.4,2048,0.375
2000,0.17395107723973807,2,0.75,0.03,1.5,1.4,2048,0.375
4000,0.10288250413575542,2,0.75,0.03,1.5,1.4,2048,0.375
8000,0.053558056259407835,2,0.75,0.03,1.5,1.4,2048,0.375
250,2.355984516687001,2,1.0,0.001,1.5,1.4,2048,0.5
500,1.9183846251193575,2,1.0,0.001,1.5,1.4,2048,0.5
1000,1.4064843921862356,2,1.0,0.001,1.5,1.4,2048,0.5
2000,0.9421857335961323,2,1.0,0.001,1.5,1.4,2048,0.5
4000,0.6136936904037571,2,1.0,0.001,1.5,1.4,2048,0.5
8000,0.38871404087322936,2,1.0,0.001,1.5,1.4,2048,0.5
250,1.6178157719421467,2,1.0,0.003,1.5,1.4,2048,0.5
500,1.108448012078436,2,1.0,0.003,1.5,1.4,2048,0.5
1000,0.7322373958551324,2,1.0,0.003,1.5,1.4,2048,0.5
2000,0.47041530355528216,2,1.0,0.003,1.5,1.4,2048,0.5
4000,0.2930552631330152,2,1.0,0.003,1.5,1.4,2048,0.5
8000,0.17005612104689277,2,1.0,0.003,1.5,1.4,2048,0.5
250,1.2511319750464185,2,1.0,0.005,1.5,1.4,2048,0.5
500,0.8161398952343665,2,1.0,0.005,1.5,1.4,2048,0.5
1000,0.5315260957040236,2,1.0,0.005,1.5,1.4,2048,0.5
2000,0.33413000047438335,2,1.0,0.005,1.5,1.4,2048,0.5
4000,0.19861004522932735,2,1.0,0.005,1.5,1.4,2048,0.5
8000,0.10655843760641844,2,1.0,0.005,1.5,1.4,2048,0.5
250,0.8244760701688423,2,1.0,0.01,1.5,1.4,2048,0.5
500,0.5357013709395608,2,1.0,0.01,1.5,1.4,2048,0.5
1000,0.3381126954451659,2,1.0,0.01,1.5,1.4,2048,0.5
2000,0.1991802543956115,2,1.0,0.01,1.5,1.4,2048,0.5
4000,0.10722181446982731,2,1.0,0.01,1.5,1.4,2048,0.5
8000,0.04883741520065145,2,1.0,0.01,1.5,1.4,2048,0.5
250,0.4230484658584658,2,1.0,0.03,1.5,1.4,2048,0.5
500,0.2561317523708528,2,1.0,0.03,1.5,1.4,2048,0.5
1000,0.1438406517706748,2,1.0,0.03,1.5,1.4,2048,0.5
2000,0.07180438326239512,2,1.0,0.03,1.5,1.4,2048,0.5
4000,0.02836970692717168,2,1.0,0.03,1.5,1.4,2048,0.5
8000,0.007441031505848793,2,1.0,0.03,1.5,1.4,2048,0.5
250,2.5066424869190933,3,0.0,0.001,1.5,1.4,2048,0.0
500,2.17066994501779,3,0.0,0.001,1.5,1.4,2048,0.0
1000,1.7860963854982417,3,0.0,0.001,1.5,1.4,2048,0.0
2000,1.4406947430154968,3,0.0,0.001,1.5,1.4,2048,0.0
4000,1.176827869184151,3,0.0,0.001,1.5,1.4,2048,0.0
8000,0.9584092934496791,3,0.0,0.001,1.5,1.4,2048,0.0
250,1.8997062432976328,3,0.0,0.003,1.5,1.4,2048,0.0
500,1.5432844468371012,3,0.0,0.003,1.5,1.4,2048,0.0
1000,1.27266208819743,3,0.0,0.003,1.5,1.4,2048,0.0
2000,1.0436638477450288,3,0.0,0.003,1.5,1.4,2048,0.0
4000,0.8467679679379133,3,0.0,0.003,1.5,1.4,2048,0.0
8000,0.685881102735197,3,0.0,0.003,1.5,1.4,2048,0.0
250,1.6643907511946323,3,0.0,0.005,1.5,1.4,2048,0.0
500,1.3639408963581392,3,0.0,0.005,1.5,1.4,2048,0.0
1000,1.1129077252063275,3,0.0,0.005,1.5,1.4,2048,0.0
2000,0.8974899048456191,3,0.0,0.005,1.5,1.4,2048,0.0
4000,0.7253242198789494,3,0.0,0.005,1.5,1.4,2048,0.0
8000,0.5831651985676876,3,0.0,0.005,1.5,1.4,2048,0.0
250,1.3668435709794975,3,0.0,0.01,1.5,1.4,2048,0.0
500,1.1104552084808617,3,0.0,0.01,1.5,1.4,2048,0.0
1000,0.9036773948957758,3,0.0,0.01,1.5,1.4,2048,0.0
2000,0.7259572395524839,3,0.0,0.01,1.5,1.4,2048,0.0
4000,0.5854625233669033,3,0.0,0.01,1.5,1.4,2048,0.0
8000,0.4656219793577549,3,0.0,0.01,1.5,1.4,2048,0.0
250,0.9588302448174915,3,0.0,0.03,1.5,1.4,2048,0.0
500,0.7853968829965309,3,0.0,0.03,1.5,1.4,2048,0.0
1000,0.639931177995983,3,0.0,0.03,1.5,1.4,2048,0.0
2000,0.5120628387338438,3,0.0,0.03,1.5,1.4,2048,0.0
4000,0.40887761664600997,3,0.0,0.03,1.5,1.4,2048,0.0
8000,0.31859156717106496,3,0.0,0.03,1.5,1.4,2048,0.0
250,2.4888958301167143,3,0.25,0.001,1.5,1.4,2048,0.125
500,2.131236369860486,3,0.25,0.001,1.5,1.4,2048,0.125
1000,1.7148964273566705,3,0.25,0.001,1.5,1.4,2048,0.125
2000,1.3516170593591976,3,0.25,0.001,1.5,1.4,2048,0.125
4000,1.0710655784640284,3,0.25,0.001,1.5,1.4,2048,0.125
8000,0.8434771942439219,3,0.25,0.001,1.5,1.4,2048,0.125
250,1.9025385976826081,3,0.25,0.003,1.5,1.4,2048,0.125
500,1.4994947667791132,3,0.25,0.003,1.5,1.4,2048,0.125
1000,1.1705821776507306,3,0.25,0.003,1.5,1.4,2048,0.125
2000,0.9318605118040065,3,0.25,0.003,1.5,1.4,2048,0.125
4000,0.7330044952139957,3,0.25,0.003,1.5,1.4,2048,0.125
8000,0.5710540462138116,3,0.25,0.003,1.5,1.4,2048,0.125
250,1.5641427042128944,3,0.25,0.005,1.5,1.4,2048,0.125
500,1.2450772962106211,3,0.25,0.005,1.5,1.4,2048,0.125
1000,0.9842781639110452,3,0.25,0.005,1.5,1.4,2048,0.125
2000,0.7796078035683421,3,0.25,0.005,1.5,1.4,2048,0.125
4000,0.6080899164545499,3,0.25,0.005,1.5,1.4,2048,0.125
8000,0.47144080303633096,3,0.25,0.005,1.5,1.4,2048,0.125
250,1.2587909772537471,3,0.25,0.01,1.5,1.4,2048,0.125
500,0.9972276296884708,3,0.25,0.01,1.5,1.4,2048,0.125
1000,0.7824963293324465,3,0.25,0.01,1.5,1.4,2048,0.125
2000,0.6102974216430361,3,0.25,0.01,1.5,1.4,2048,0.125
4000,0.47309592107010984,3,0.25,0.01,1.5,1.4,2048,0.125
8000,0.36069137325035905,3,0.25,0.01,1.5,1.4,2048,0.125
250,0.8684100168316831,3,0.25,0.03,1.5,1.4,2048,0.125
500,0.6837810500625787,3,0.25,0.03,1.5,1.4,2048,0.125
1000,0.5274015973530236,3,0.25,0.03,1.5,1.4,2048,0.125
2000,0.4041745341718281,3,0.25,0.03,1.5,1.4,2048,0.125
4000,0.30528157654891447,3,0.25,0.03,1.5,1.4,2048,0.125
8000,0.22492983134068315,3,0.25,0.03,1.5,1.4,2048,0.125
250,2.434430545586744,3,0.5,0.001,1.5,1.4,2048,0.25
500,2.0759288515745142,3,0.5,0.001,1.5,1.4,2048,0.25
1000,1.6303150225680494,3,0.5,0.001,1.5,1.4,2048,0.25
2000,1.240708279612515,3,0.5,0.001,1.5,1.4,2048,0.25
4000,0.9411220843887567,3,0.5,0.001,1.5,1.4,2048,0.25
8000,0.7122850691659667,3,0.5,0.001,1.5,1.4,2048,0.25
250,1.802440901724349,3,0.5,0.003,1.5,1.4,2048,0.25
500,1.3802312981874267,3,0.5,0.003,1.5,1.4,2048,0.25
1000,1.0477631698420362,3,0.5,0.003,1.5,1.4,2048,0.25
2000,0.7982551958112616,3,0.5,0.003,1.5,1.4,2048,0.25
4000,0.5996670661453427,3,0.5,0.003,1.5,1.4,2048,0.25
8000,0.44406160637231584,3,0.5,0.003,1.5,1.4,2048,0.25
250,1.4776134764726327,3,0.5,0.005,1.5,1.4,2048,0.25
500,1.1248396865563697,3,0.5,0.005,1.5,1.4,2048,0.25
1000,0.8618932675942002,3,0.5,0.005,1.5,1.4,2048,0.25
2000,0.6477048308107345,3,0.5,0.005,1.5,1.4,2048,0.25
4000,0.48331774152874674,3,0.5,0.005,1.5,1.4,2048,0.25
8000,0.3513738561027852,3,0.5,0.005,1.5,1.4,2048,0.25
250,1.1624166264925868,3,0.5,0.01,1.5,1.4,2048,0.25
500,0.8682442637917636,3,0.5,0.01,1.5,1.4,2048,0.25
1000,0.6525644474315374,3,0.5,0.01,1.5,1.4,2048,0.25
2000,0.48173102251213734,3,0.5,0.01,1.5,1.4,2048,0.25
4000,0.35109953897548585,3,0.5,0.01,1.5,1.4,2048,0.25
8000,0.24886958985875854,3,0.5,0.01,1.5,1.4,2048,0.25
250,0.7289974249955187,3,0.5,0.03,1.5,1.4,2048,0.25
500,0.5516380646028489,3,0.5,0.03,1.5,1.4,2048,0.25
1000,0.4060683729962232,3,0.5,0.03,1.5,1.4,2048,0.25
2000,0.29055158216638366,3,0.5,0.03,1.5,1.4,2048,0.25
4000,0.20125826229094929,3,0.5,0.03,1.5,1.4,2048,0.25
8000,0.1325631134455153,3,0.5,0.03,1.5,1.4,2048,0.25
250,2.397837115448973,3,0.75,0.001,1.5,1.4,2048,0.375
500,2.01070518572416,3,0.75,0.001,1.5,1.4,2048,0.375
1000,1.5364089921195063,3,0.75,0.001,1.5,1.4,2048,0.375
2000,1.1117299167880406,3,0.75,0.001,1.5,1.4,2048,0.375
4000,0.7991365723195241,3,0.75,0.001,1.5,1.4,2048,0.375
8000,0.5616935479248952,3,0.75,0.001,1.5,1.4,2048,0.375
250,1.7314068724461666,3,0.75,0.003,1.5,1.4,2048,0.375
500,1.2593858325011893,3,0.75,0.003,1.5,1.4,2048,0.375
1000,0.8998496729644528,3,0.75,0.003,1.5,1.4,2048,0.375
2000,0.6426446031792281,3,0.75,0.003,1.5,1.4,2048,0.375
4000,0.4501792177345847,3,0.75,0.003,1.5,1.4,2048,0.375
8000,0.30652168110445543,3,0.75,0.003,1.5,1.4,2048,0.375
250,1.377382468309397,3,0.75,0.005,1.5,1.4,2048,0.375
500,0.9832316003235073,3,0.75,0.005,1.5,1.4,2048,0.375
1000,0.7058149839342215,3,0.75,0.005,1.5,1.4,2048,0.375
2000,0.49742036132435125,3,0.75,0.005,1.5,1.4,2048,0.375
4000,0.34220710976077484,3,0.75,0.005,1.5,1.4,2048,0.375
8000,0.2253701428389731,3,0.75,0.005,1.5,1.4,2048,0.375
250,1.0025980239746375,3,0.75,0.01,1.5,1.4,2048,0.375
500,0.7095672347013043,3,0.75,0.01,1.5,1.4,2048,0.375
1000,0.49461672610069735,3,0.75,0.01,1.5,1.4,2048,0.375
2000,0.3410167279349825,3,0.75,0.01,1.5,1.4,2048,0.375
4000,0.22690391385757075,3,0.75,0.01,1.5,1.4,2048,0.375
8000,0.1407522217753326,3,0.75,0.01,1.5,1.4,2048,0.375
250,0.5906492929698987,3,0.75,0.03,1.5,1.4,2048,0.375
500,0.4024338405472082,3,0.75,0.03,1.5,1.4,2048,0.375
1000,0.27124856280675447,3,0.75,0.03,1.5,1.4,2048,0.375
2000,0.1742695719839357,3,0.75,0.03,1.5,1.4,2048,0.375
4000,0.10253645993579351,3,0.75,0.03,1.5,1.4,2048,0.375
8000,0.05359006363792358,3,0.75,0.03,1.5,1.4,2048,0.375
250,2.353558983264047,3,1.0,0.001,1.5,1.4,2048,0.5
500,1.9265664247520193,3,1.0,0.001,1.5,1.4,2048,0.5
1000,1.4075461153369893,3,1.0,0.001,1.5,1.4,2048,0.5
2000,0.9436124423849133,3,1.0,0.001,1.5,1.4,2048,0.5
4000,0.616131532610965,3,1.0,0.001,1.5,1.4,2048,0.5
8000,0.390722539603896,3,1.0,0.001,1.5,1.4,2048,0.5
250,1.61947975622784,3,1.0,0.003,1.5,1.4,2048,0.5
500,1.1382436797645004,3,1.0,0.003,1.5,1.4,2048,0.5
1000,0.7381958794806185,3,1.0,0.003,1.5,1.4,2048,0.5
2000,0.4751273680365993,3,1.0,0.003,1.5,1.4,2048,0.5
4000,0.2909257256136344,3,1.0,0.003,1.5,1.4,2048,0.5
8000,0.16888495974409615,3,1.0,0.003,1.5,1.4,2048,0.5
250,1.2466920739941076,3,1.0,0.005,1.5,1.4,2048,0.5
500,0.8129725115455333,3,1.0,0.005,1.5,1.4,2048,0.5
1000,0.5307315060286919,3,1.0,0.005,1.5,1.4,2048,0.5
2000,0.33581885577532444,3,1.0,0.005,1.5,1.4,2048,0.5
4000,0.19795443747957028,3,1.0,0.005,1.5,1.4,2048,0.5
8000,0.10671059094921889,3,1.0,0.005,1.5,1.4,2048,0.5
250,0.8068047690793841,3,1.0,0.01,1.5,1.4,2048,0.5
500,0.5228396762485874,3,1.0,0.01,1.5,1.4,2048,0.5
1000,0.32736581329985776,3,1.0,0.01,1.5,1.4,2048,0.5
2000,0.1971201696346027,3,1.0,0.01,1.5,1.4,2048,0.5
4000,0.10809917504481817,3,1.0,0.01,1.5,1.4,2048,0.5
8000,0.049439431711790036,3,1.0,0.01,1.5,1.4,2048,0.5
250,0.4101827668348267,3,1.0,0.03,1.5,1.4,2048,0.5
500,0.24605255593582662,3,1.0,0.03,1.5,1.4,2048,0.5
1000,0.14216626197508014,3,1.0,0.03,1.5,1.4,2048,0.5
2000,0.07103803950341075,3,1.0,0.03,1.5,1.4,2048,0.5
4000,0.028231755749507263,3,1.0,0.03,1.5,1.4,2048,0.5
8000,0.007312784894324352,3,1.0,0.03,1.5,1.4,2048,0.5
250,2.482935946382316,4,0.0,0.001,1.5,1.4,2048,0.0
500,2.1420613115477063,4,0.0,0.001,1.5,1.4,2048,0.0
1000,1.7602661743795414,4,0.0,0.001,1.5,1.4,2048,0.0
2000,1.4377772275528113,4,0.0,0.001,1.5,1.4,2048,0.0
4000,1.180179168763169,4,0.0,0.001,1.5,1.4,2048,0.0
8000,0.9603272951658649,4,0.0,0.001,1.5,1.4,2048,0.0
250,1.9090858849863586,4,0.0,0.003,1.5,1.4,2048,0.0
500,1.5676200105410214,4,0.0,0.003,1.5,1.4,2048,0.0
1000,1.28990958363968,4,0.0,0.003,1.5,1.4,2048,0.0
2000,1.0497651572947333,4,0.0,0.003,1.5,1.4,2048,0.0
4000,0.848163898987551,4,0.0,0.003,1.5,1.4,2048,0.0
8000,0.6857877671343994,4,0.0,0.003,1.5,1.4,2048,0.0
250,1.6745411752301618,4,0.0,0.005,1.5,1.4,2048,0.0
500,1.345570824289049,4,0.0,0.005,1.5,1.4,2048,0.0
1000,1.1050971288149498,4,0.0,0.005,1.5,1.4,2048,0.0
2000,0.897030344675453,4,0.0,0.005,1.5,1.4,2048,0.0
4000,0.7252125482119076,4,0.0,0.005,1.5,1.4,2048,0.0
8000,0.5832407032757883,4,0.0,0.005,1.5,1.4,2048,0.0
250,1.3536421884435905,4,0.0,0.01,1.5,1.4,2048,0.0
500,1.1037718869638868,4,0.0,0.01,1.5,1.4,2048,0.0
1000,0.8962279021120103,4,0.0,0.01,1.5,1.4,2048,0.0
2000,0.7308138770082533,4,0.0,0.01,1.5,1.4,2048,0.0
4000,0.5859852094281742,4,0.0,0.01,1.5,1.4,2048,0.0
8000,0.4673413512517207,4,0.0,0.01,1.5,1.4,2048,0.0
250,0.9936004022620357,4,0.0,0.03,1.5,1.4,2048,0.0
500,0.7977469781832062,4,0.0,0.03,1.5,1.4,2048,0.0
1000,0.6399596435366312,4,0.0,0.03,1.5,1.4,2048,0.0
2000,0.5093847553273797,4,0.0,0.03,1.5,1.4,2048,0.0
4000,0.4051783037672925,4,0.0,0.03,1.5,1.4,2048,0.0
8000,0.3184813219887231,4,0.0,0.03,1.5,1.4,2048,0.0
250,2.482737427072266,4,0.25,0.001,1.5,1.4,2048,0.125
500,2.1242271080974726,4,0.25,0.001,1.5,1.4,2048,0.125
1000,1.7189602890690954,4,0.25,0.001,1.5,1.4,2048,0.125
2000,1.3540758030109161,4,0.25,0.001,1.5,1.4,2048,0.125
4000,1.06856736948776,4,0.25,0.001,1.5,1.4,2048,0.125
8000,0.8436257144598138,4,0.25,0.001,1.5,1.4,2048,0.125
250,1.8828378478977528,4,0.25,0.003,1.5,1.4,2048,0.125
500,1.494236055695473,4,0.25,0.003,1.5,1.4,2048,0.125
1000,1.182074471910749,4,0.25,0.003,1.5,1.4,2048,0.125
2000,0.9337424957589573,4,0.25,0.003,1.5,1.4,2048,0.125
4000,0.7301674066755476,4,0.25,0.003,1.5,1.4,2048,0.125
8000,0.569082544129574,4,0.25,0.003,1.5,1.4,2048,0.125
250,1.5629846818453639,4,0.25,0.005,1.5,1.4,2048,0.125
500,1.2488621386392678,4,0.25,0.005,1.5,1.4,2048,0.125
1000,0.993116544753788,4,0.25,0.005,1.5,1.4,2048,0.125
2000,0.7822597132312593,4,0.25,0.005,1.5,1.4,2048,0.125
4000,0.6096108952124998,4,0.25,0.005,1.5,1.4,2048,0.125
8000,0.47196257289791993,4,0.25,0.005,1.5,1.4,2048,0.125
250,1.2471389835968625,4,0.25,0.01,1.5,1.4,2048,0.125
500,0.9959163898576457,4,0.25,0.01,1.5,1.4,2048,0.125
1000,0.7786199725672055,4,0.25,0.01,1.5,1.4,2048,0.125
2000,0.6082215255972171,4,0.25,0.01,1.5,1.4,2048,0.125
4000,0.4722058361784435,4,0.25,0.01,1.5,1.4,2048,0.125
8000,0.3591868999923804,4,0.25,0.01,1.5,1.4,2048,0.125
250,0.8620796184211759,4,0.25,0.03,1.5,1.4,2048,0.125
500,0.6702694149102493,4,0.25,0.03,1.5,1.4,2048,0.125
1000,0.5236366792239603,4,0.25,0.03,1.5,1.4,2048,0.125
2000,0.40137497432172053,4,0.25,0.03,1.5,1.4,2048,0.125
4000,0.3039117115619982,4,0.25,0.03,1.5,1.4,2048,0.125
8000,0.22388678094517467,4,0.25,0.03,1.5,1.4,2048,0.125
250,2.4238898015829475,4,0.5,0.001,1.5,1.4,2048,0.25
500,2.0824737575540926,4,0.5,0.001,1.5,1.4,2048,0.25
1000,1.6339903808284049,4,0.5,0.001,1.5,1.4,2048,0.25
2000,1.2454377251863897,4,0.5,0.001,1.5,1.4,2048,0.25
4000,0.9446858523418349,4,0.5,0.001,1.5,1.4,2048,0.25
8000,0.7130965569499869,4,0.5,0.001,1.5,1.4,2048,0.25
250,1.8197378207791441,4,0.5,0.003,1.5,1.4,2048,0.25
500,1.4020242582569657,4,0.5,0.003,1.5,1.4,2048,0.25
1000,1.0551454913577074,4,0.5,0.003,1.5,1.4,2048,0.25
2000,0.8053080851212973,4,0.5,0.003,1.5,1.4,2048,0.25
4000,0.6038681525950806,4,0.5,0.003,1.5,1.4,2048,0.25
8000,0.4468374470555988,4,0.5,0.003,1.5,1.4,2048,0.25
250,1.5106459307170101,4,0.5,0.005,1.5,1.4,2048,0.25
500,1.146130436831459,4,0.5,0.005,1.5,1.4,2048,0.25
1000,0.867577188263514,4,0.5,0.005,1.5,1.4,2048,0.25
2000,0.6531075074179058,4,0.5,0.005,1.5,1.4,2048,0.25
4000,0.4820330589761347,4,0.5,0.005,1.5,1.4,2048,0.25
8000,0.35064959987995414,4,0.5,0.005,1.5,1.4,2048,0.25
250,1.1202394618701295,4,0.5,0.01,1.5,1.4,2048,0.25
500,0.8552903186882489,4,0.5,0.01,1.5,1.4,2048,0.25
1000,0.6490565080162959,4,0.5,0.01,1.5,1.4,2048,0.25
2000,0.47957407679345676,4,0.5,0.01,1.5,1.4,2048,0.25
4000,0.35032915353415234,4,0.5,0.01,1.5,1.4,2048,0.25
8000,0.24910961685688704,4,0.5,0.01,1.5,1.4,2048,0.25
250,0.7357505612174624,4,0.5,0.03,1.5,1.4,2048,0.25
500,0.5532561260786354,4,0.5,0.03,1.5,1.4,2048,0.25
1000,0.4030937726832262,4,0.5,0.03,1.5,1.4,2048,0.25
2000,0.2889574813476106,4,0.5,0.03,1.5,1.4,2048,0.25
4000,0.2009263647924579,4,0.5,0.03,1.5,1.4,2048,0.25
8000,0.13326484278830486,4,0.5,0.03,1.5,1.4,2048,0.25
250,2.4045373093140356,4,0.75,0.001,1.5,1.4,2048,0.375
500,2.0093880525895056,4,0.75,0.001,1.5,1.4,2048,0.375
1000,1.5290373310228946,4,0.75,0.001,1.5,1.4,2048,0.375
2000,1.1094711240539572,4,0.75,0.001,1.5,1.4,2048,0.375
4000,0.7933473898045558,4,0.75,0.001,1.5,1.4,2048,0.375
8000,0.5599253205574768,4,0.75,0.001,1.5,1.4,2048,0.375
250,1.7616293048966656,4,0.75,0.003,1.5,1.4,2048,0.375
500,1.2873725806551473,4,0.75,0.003,1.5,1.4,2048,0.375
1000,0.9256570155736144,4,0.75,0.003,1.5,1.4,2048,0.375
2000,0.6546948393489569,4,0.75,0.003,1.5,1.4,2048,0.375
4000,0.45520694289588315,4,0.75,0.003,1.5,1.4,2048,0.375
8000,0.3077474386009454,4,0.75,0.003,1.5,1.4,2048,0.375
250,1.381259152812835,4,0.75,0.005,1.5,1.4,2048,0.375
500,0.9933637486889655,4,0.75,0.005,1.5,1.4,2048,0.375
1000,0.7091868872713665,4,0.75,0.005,1.5,1.4,2048,0.375
2000,0.5001454953311744,4,0.75,0.005,1.5,1.4,2048,0.375
4000,0.34193303559139254,4,0.75,0.005,1.5,1.4,2048,0.375
8000,0.22514332016335692,4,0.75,0.005,1.5,1.4,2048,0.375
250,0.9946095334809341,4,0.75,0.01,1.5,1.4,2048,0.375
500,0.7084697146834067,4,0.75,0.01,1.5,1.4,2048,0.375
1000,0.49691568990132245,4,0.75,0.01,1.5,1.4,2048,0.375
2000,0.3386850771717345,4,0.75,0.01,1.5,1.4,2048,0.375
4000,0.22489758569496696,4,0.75,0.01,1.5,1.4,2048,0.375
8000,0.139952754134448,4,0.75,0.01,1.5,1.4,2048,0.375
250,0.5788061734379394,4,0.75,0.03,1.5,1.4,2048,0.375
500,0.4030508804596337,4,0.75,0.03,1.5,1.4,2048,0.375
1000,0.2703753895303763,4,0.75,0.03,1.5,1.4,2048,0.375
2000,0.17484154508469343,4,0.75,0.03,1.5,1.4,2048,0.375
4000,0.10295131022374221,4,0.75,0.03,1.5,1.4,2048,0.375
8000,0.05336519664916871,4,0.75,0.03,1.5,1.4,2048,0.375
250,2.3467665593993527,4,1.0,0.001,1.5,1.4,2048,0.5
500,1.9118123319668499,4,1.0,0.001,1.5,1.4,2048,0.5
1000,1.3980607169225483,4,1.0,0.001,1.5,1.4,2048,0.5
2000,0.9456687039844467,4,1.0,0.001,1.5,1.4,2048,0.5
4000,0.6157178705874039,4,1.0,0.001,1.5,1.4,2048,0.5
8000,0.3906481086953031,4,1.0,0.001,1.5,1.4,2048,0.5
250,1.6014796276319638,4,1.0,0.003,1.5,1.4,2048,0.5
500,1.1031122264603577,4,1.0,0.003,1.5,1.4,2048,0.5
1000,0.7330537809138603,4,1.0,0.003,1.5,1.4,2048,0.5
2000,0.47485157428689734,4,1.0,0.003,1.5,1.4,2048,0.5
4000,0.29390334948072755,4,1.0,0.003,1.5,1.4,2048,0.5
8000,0.17035370052600002,4,1.0,0.003,1.5,1.4,2048,0.5
250,1.2636247273782242,4,1.0,0.005,1.5,1.4,2048,0.5
500,0.8263912953298534,4,1.0,0.005,1.5,1.4,2048,0.5
1000,0.5294178840460563,4,1.0,0.005,1.5,1.4,2048,0.5
2000,0.3304766067492292,4,1.0,0.005,1.5,1.4,2048,0.5
4000,0.19694678141091476,4,1.0,0.005,1.5,1.4,2048,0.5
8000,0.10706104988259404,4,1.0,0.005,1.5,1.4,2048,0.5
250,0.824634814810759,4,1.0,0.01,1.5,1.4,2048,0.5
500,0.5375432426324499,4,1.0,0.01,1.5,1.4,2048,0.5
1000,0.3401794007233068,4,1.0,0.01,1.5,1.4,2048,0.5
2000,0.2002022311252303,4,1.0,0.01,1.5,1.4,2048,0.5
4000,0.10741025279798651,4,1.0,0.01,1.5,1.4,2048,0.5
8000,0.049136806870536204,4,1.0,0.01,1.5,1.4,2048,0.5
250,0.40568665351177924,4,1.0,0.03,1.5,1.4,2048,0.5
500,0.2511568215055894,4,1.0,0.03,1.5,1.4,2048,0.5
1000,0.14358094114922668,4,1.0,0.03,1.5,1.4,2048,0.5
2000,0.07098458854395825,4,1.0,0.03,1.5,1.4,2048,0.5
4000,0.028090423934052082,4,1.0,0.03,1.5,1.4,2048,0.5
8000,0.007413588938201326,4,1.0,0.03,1.5,1.4,2048,0.5
