a,b,rho,wd,dimension,n_min,n_max,num_n,rho_knee_n,wd_knee_n,sgd_count_slope_obs,sgd_count_slope_pred,adam_count_slope_obs,adam_count_slope_pred,adamw_count_slope_obs,adamw_count_slope_pred,sgd_bias_slope_obs,sgd_bias_slope_pred,adam_bias_slope_obs,adam_bias_slope_pred,adamw_bias_slope_obs,adamw_bias_slope_pred,sgd_count_slope_abs_error,adam_count_slope_abs_error,adamw_count_slope_abs_error,sgd_bias_slope_abs_error,adam_bias_slope_abs_error,adamw_bias_slope_abs_error
1.25,1.2,1e-16,0.0,300000,10.0,10000.0,50,100000000.0,inf,0.807129467806504,0.8000000000000003,1.5864505409897913,1.6000000000000005,1.5864505409897913,1.6000000000000005,-0.19781746420625446,-0.16000000000000003,-0.5337889473679314,-0.32,-0.5337889473679314,-0.32,0.007129467806503698,0.013549459010209208,0.013549459010209208,0.037817464206254425,0.21378894736793136,0.21378894736793136
1.25,1.2,1e-16,0.0001,300000,10.0,10000.0,50,100000000.0,10000.0,0.807129467806504,0.8000000000000003,1.5864505409897913,1.6000000000000005,1.5864505409897913,1.6000000000000005,-0.19781746420625446,-0.16000000000000003,-0.5337889473679314,-0.32,-0.5638562846184453,-0.32,0.007129467806503698,0.013549459010209208,0.013549459010209208,0.037817464206254425,0.21378894736793136,0.24385628461844527
1.25,1.2,1e-16,0.001,300000,10.0,10000.0,50,100000000.0,1000.0,0.807129467806504,0.8000000000000003,1.5864505409897913,1.6000000000000005,1.3461771914063718,1.3458823529411768,-0.19781746420625446,-0.16000000000000003,-0.5337889473679314,-0.32,-0.4938776180215649,-0.2691764705882353,0.007129467806503698,0.013549459010209208,0.0002948384651950686,0.037817464206254425,0.21378894736793136,0.22470114743332958
1.25,1.2,1e-16,0.01,300000,10.0,10000.0,50,100000000.0,100.0,0.807129467806504,0.8000000000000003,1.5864505409897913,1.6000000000000005,0.3079020179295393,0.30774976657329667,-0.19781746420625446,-0.16000000000000003,-0.5337889473679314,-0.32,-0.1478968551589539,-0.061549953314659185,0.007129467806503698,0.013549459010209208,0.00015225135624263864,0.037817464206254425,0.21378894736793136,0.08634690184429472
1.25,1.2,1e-12,0.0,300000,10.0,10000.0,50,1000000.0,inf,0.807129467806504,0.8000000000000003,1.5864498234837041,1.6000000000000005,1.5864498234837041,1.6000000000000005,-0.19781746420625446,-0.16000000000000003,-0.5337888569065574,-0.32,-0.5337888569065574,-0.32,0.007129467806503698,0.01355017651629642,0.01355017651629642,0.037817464206254425,0.2137888569065574,0.2137888569065574
1.25,1.2,1e-12,0.0001,300000,10.0,10000.0,50,1000000.0,10000.0,0.807129467806504,0.8000000000000003,1.5864498234837041,1.6000000000000005,1.5864498234837041,1.6000000000000005,-0.19781746420625446,-0.16000000000000003,-0.5337888569065574,-0.32,-0.5638562324241648,-0.32,0.007129467806503698,0.01355017651629642,0.01355017651629642,0.037817464206254425,0.2137888569065574,0.24385623242416482
1.25,1.2,1e-12,0.001,300000,10.0,10000.0,50,1000000.0,1000.0,0.807129467806504,0.8000000000000003,1.5864498234837041,1.6000000000000005,1.3461771914063718,1.3458823529411768,-0.19781746420625446,-0.16000000000000003,-0.5337888569065574,-0.32,-0.4938775201030441,-0.2691764705882353,0.007129467806503698,0.01355017651629642,0.0002948384651950686,0.037817464206254425,0.2137888569065574,0.2247010495148088
1.25,1.2,1e-12,0.01,300000,10.0,10000.0,50,1000000.0,100.0,0.807129467806504,0.8000000000000003,1.5864498234837041,1.6000000000000005,0.3079020179295393,0.30774976657329667,-0.19781746420625446,-0.16000000000000003,-0.5337888569065574,-0.32,-0.1478968481424611,-0.061549953314659185,0.007129467806503698,0.01355017651629642,0.00015225135624263864,0.037817464206254425,0.2137888569065574,0.08634689482780192
1.25,1.2,1e-08,0.0,300000,10.0,10000.0,50,10000.0,inf,0.807129467806504,0.8000000000000003,1.5821047367771968,1.6000000000000005,1.5821047367771968,1.6000000000000005,-0.19781746420625446,-0.16000000000000003,-0.5329008382979258,-0.32,-0.5329008382979258,-0.32,0.007129467806503698,0.01789526322280377,0.01789526322280377,0.037817464206254425,0.21290083829792578,0.21290083829792578
1.25,1.2,1e-08,0.0001,300000,10.0,10000.0,50,10000.0,10000.0,0.807129467806504,0.8000000000000003,1.5821047367771968,1.6000000000000005,1.5821047367771968,1.6000000000000005,-0.19781746420625446,-0.16000000000000003,-0.5329008382979258,-0.32,-0.5633447902518658,-0.32,0.007129467806503698,0.01789526322280377,0.01789526322280377,0.037817464206254425,0.21290083829792578,0.24334479025186578
1.25,1.2,1e-08,0.001,300000,10.0,10000.0,50,10000.0,1000.0,0.807129467806504,0.8000000000000003,1.5821047367771968,1.6000000000000005,1.3440972744264061,1.3458823529411768,-0.19781746420625446,-0.16000000000000003,-0.5329008382979258,-0.32,-0.4929167705238043,-0.2691764705882353,0.007129467806503698,0.01789526322280377,0.0017850785147706105,0.037817464206254425,0.21290083829792578,0.223740299935569
1.25,1.2,1e-08,0.01,300000,10.0,10000.0,50,10000.0,100.0,0.807129467806504,0.8000000000000003,1.5821047367771968,1.6000000000000005,0.30791283504172456,0.30774976657329667,-0.19781746420625446,-0.16000000000000003,-0.5329008382979258,-0.32,-0.14782784728992612,-0.061549953314659185,0.007129467806503698,0.01789526322280377,0.00016306846842789602,0.037817464206254425,0.21290083829792578,0.08627789397526694
1.25,1.4,1e-16,0.0,300000,10.0,10000.0,50,100000000.0,inf,0.807129467806504,0.8000000000000003,1.5864505409897913,1.6000000000000005,1.5864505409897913,1.6000000000000005,-0.3275822050101304,-0.32,-0.687932703257315,-0.64,-0.687932703257315,-0.64,0.007129467806503698,0.013549459010209208,0.013549459010209208,0.007582205010130405,0.047932703257315024,0.047932703257315024
1.25,1.4,1e-16,0.0001,300000,10.0,10000.0,50,100000000.0,10000.0,0.807129467806504,0.8000000000000003,1.5864505409897913,1.6000000000000005,1.5864505409897913,1.6000000000000005,-0.3275822050101304,-0.32,-0.687932703257315,-0.64,-0.7103936064548928,-0.64,0.007129467806503698,0.013549459010209208,0.013549459010209208,0.007582205010130405,0.047932703257315024,0.07039360645489279
1.25,1.4,1e-16,0.001,300000,10.0,10000.0,50,100000000.0,1000.0,0.807129467806504,0.8000000000000003,1.5864505409897913,1.6000000000000005,1.3461771914063718,1.3458823529411768,-0.3275822050101304,-0.32,-0.687932703257315,-0.64,-0.6736072808290233,-0.5383529411764705,0.007129467806503698,0.013549459010209208,0.0002948384651950686,0.007582205010130405,0.047932703257315024,0.13525433965255285
1.25,1.4,1e-16,0.01,300000,10.0,10000.0,50,100000000.0,100.0,0.807129467806504,0.8000000000000003,1.5864505409897913,1.6000000000000005,0.3079020179295393,0.30774976657329667,-0.3275822050101304,-0.32,-0.687932703257315,-0.64,-0.2942378964703664,-0.12309990662931831,0.007129467806503698,0.013549459010209208,0.00015225135624263864,0.007582205010130405,0.047932703257315024,0.1711379898410481
1.25,1.4,1e-12,0.0,300000,10.0,10000.0,50,1000000.0,inf,0.807129467806504,0.8000000000000003,1.5864498234837041,1.6000000000000005,1.5864498234837041,1.6000000000000005,-0.3275822050101304,-0.32,-0.6879326497605982,-0.64,-0.6879326497605982,-0.64,0.007129467806503698,0.01355017651629642,0.01355017651629642,0.007582205010130405,0.04793264976059819,0.04793264976059819
1.25,1.4,1e-12,0.0001,300000,10.0,10000.0,50,1000000.0,10000.0,0.807129467806504,0.8000000000000003,1.5864498234837041,1.6000000000000005,1.5864498234837041,1.6000000000000005,-0.3275822050101304,-0.32,-0.6879326497605982,-0.64,-0.7103935779619063,-0.64,0.007129467806503698,0.01355017651629642,0.01355017651629642,0.007582205010130405,0.04793264976059819,0.07039357796190626
1.25,1.4,1e-12,0.001,300000,10.0,10000.0,50,1000000.0,1000.0,0.807129467806504,0.8000000000000003,1.5864498234837041,1.6000000000000005,1.3461771914063718,1.3458823529411768,-0.3275822050101304,-0.32,-0.6879326497605982,-0.64,-0.6736072223320647,-0.5383529411764705,0.007129467806503698,0.01355017651629642,0.0002948384651950686,0.007582205010130405,0.04793264976059819,0.13525428115559424
1.25,1.4,1e-12,0.01,300000,10.0,10000.0,50,1000000.0,100.0,0.807129467806504,0.8000000000000003,1.5864498234837041,1.6000000000000005,0.3079020179295393,0.30774976657329667,-0.3275822050101304,-0.32,-0.6879326497605982,-0.64,-0.29423788989951866,-0.12309990662931831,0.007129467806503698,0.01355017651629642,0.00015225135624263864,0.007582205010130405,0.04793264976059819,0.17113798327020036
1.25,1.4,1e-08,0.0,300000,10.0,10000.0,50,10000.0,inf,0.807129467806504,0.8000000000000003,1.5821047367771968,1.6000000000000005,1.5821047367771968,1.6000000000000005,-0.3275822050101304,-0.32,-0.6874063275558602,-0.64,-0.6874063275558602,-0.64,0.007129467806503698,0.01789526322280377,0.01789526322280377,0.007582205010130405,0.04740632755586016,0.04740632755586016
1.25,1.4,1e-08,0.0001,300000,10.0,10000.0,50,10000.0,10000.0,0.807129467806504,0.8000000000000003,1.5821047367771968,1.6000000000000005,1.5821047367771968,1.6000000000000005,-0.3275822050101304,-0.32,-0.6874063275558602,-0.64,-0.710113702439855,-0.64,0.007129467806503698,0.01789526322280377,0.01789526322280377,0.007582205010130405,0.04740632755586016,0.07011370243985504
1.25,1.4,1e-08,0.001,300000,10.0,10000.0,50,10000.0,1000.0,0.807129467806504,0.8000000000000003,1.5821047367771968,1.6000000000000005,1.3440972744264061,1.3458823529411768,-0.3275822050101304,-0.32,-0.6874063275558602,-0.64,-0.6730318630862299,-0.5383529411764705,0.007129467806503698,0.01789526322280377,0.0017850785147706105,0.007582205010130405,0.04740632755586016,0.13467892190975939
1.25,1.4,1e-08,0.01,300000,10.0,10000.0,50,10000.0,100.0,0.807129467806504,0.8000000000000003,1.5821047367771968,1.6000000000000005,0.30791283504172456,0.30774976657329667,-0.3275822050101304,-0.32,-0.6874063275558602,-0.64,-0.2941730881913505,-0.12309990662931831,0.007129467806503698,0.01789526322280377,0.00016306846842789602,0.007582205010130405,0.04740632755586016,0.17107318156203222
1.25,1.8,1e-16,0.0,300000,10.0,10000.0,50,100000000.0,inf,0.807129467806504,0.8000000000000003,1.5864505409897913,1.6000000000000005,1.5864505409897913,1.6000000000000005,-0.6069876607896946,-0.6399999999999999,-0.9236028092979947,-1.2800000000000002,-0.9236028092979947,-1.2800000000000002,0.007129467806503698,0.013549459010209208,0.013549459010209208,0.03301233921030533,0.3563971907020056,0.3563971907020056
1.25,1.8,1e-16,0.0001,300000,10.0,10000.0,50,100000000.0,10000.0,0.807129467806504,0.8000000000000003,1.5864505409897913,1.6000000000000005,1.5864505409897913,1.6000000000000005,-0.6069876607896946,-0.6399999999999999,-0.9236028092979947,-1.2800000000000002,-0.9271857268132786,-1.2800000000000002,0.007129467806503698,0.013549459010209208,0.013549459010209208,0.03301233921030533,0.3563971907020056,0.35281427318672165
1.25,1.8,1e-16,0.001,300000,10.0,10000.0,50,100000000.0,1000.0,0.807129467806504,0.8000000000000003,1.5864505409897913,1.6000000000000005,1.3461771914063718,1.3458823529411768,-0.6069876607896946,-0.6399999999999999,-0.9236028092979947,-1.2800000000000002,-0.9219339664271026,-1.0767058823529412,0.007129467806503698,0.013549459010209208,0.0002948384651950686,0.03301233921030533,0.3563971907020056,0.1547719159258386
1.25,1.8,1e-16,0.01,300000,10.0,10000.0,50,100000000.0,100.0,0.807129467806504,0.8000000000000003,1.5864505409897913,1.6000000000000005,0.3079020179295393,0.30774976657329667,-0.6069876607896946,-0.6399999999999999,-0.9236028092979947,-1.2800000000000002,-0.6561813575887425,-0.24619981325863685,0.007129467806503698,0.013549459010209208,0.00015225135624263864,0.03301233921030533,0.3563971907020056,0.4099815443301057
1.25,1.8,1e-12,0.0,300000,10.0,10000.0,50,1000000.0,inf,0.807129467806504,0.8000000000000003,1.5864498234837041,1.6000000000000005,1.5864498234837041,1.6000000000000005,-0.6069876607896946,-0.6399999999999999,-0.9236028037299134,-1.2800000000000002,-0.9236028037299134,-1.2800000000000002,0.007129467806503698,0.01355017651629642,0.01355017651629642,0.03301233921030533,0.3563971962700868,0.3563971962700868
1.25,1.8,1e-12,0.0001,300000,10.0,10000.0,50,1000000.0,10000.0,0.807129467806504,0.8000000000000003,1.5864498234837041,1.6000000000000005,1.5864498234837041,1.6000000000000005,-0.6069876607896946,-0.6399999999999999,-0.9236028037299134,-1.2800000000000002,-0.9271857238630995,-1.2800000000000002,0.007129467806503698,0.01355017651629642,0.01355017651629642,0.03301233921030533,0.3563971962700868,0.35281427613690075
1.25,1.8,1e-12,0.001,300000,10.0,10000.0,50,1000000.0,1000.0,0.807129467806504,0.8000000000000003,1.5864498234837041,1.6000000000000005,1.3461771914063718,1.3458823529411768,-0.6069876607896946,-0.6399999999999999,-0.9236028037299134,-1.2800000000000002,-0.9219339605798957,-1.0767058823529412,0.007129467806503698,0.01355017651629642,0.0002948384651950686,0.03301233921030533,0.3563971962700868,0.15477192177304544
1.25,1.8,1e-12,0.01,300000,10.0,10000.0,50,1000000.0,100.0,0.807129467806504,0.8000000000000003,1.5864498234837041,1.6000000000000005,0.3079020179295393,0.30774976657329667,-0.6069876607896946,-0.6399999999999999,-0.9236028037299134,-1.2800000000000002,-0.6561813557822445,-0.24619981325863685,0.007129467806503698,0.01355017651629642,0.00015225135624263864,0.03301233921030533,0.3563971962700868,0.40998154252360763
1.25,1.8,1e-08,0.0,300000,10.0,10000.0,50,10000.0,inf,0.807129467806504,0.8000000000000003,1.5821047367771968,1.6000000000000005,1.5821047367771968,1.6000000000000005,-0.6069876607896946,-0.6399999999999999,-0.9235477774190353,-1.2800000000000002,-0.9235477774190353,-1.2800000000000002,0.007129467806503698,0.01789526322280377,0.01789526322280377,0.03301233921030533,0.356452222580965,0.356452222580965
1.25,1.8,1e-08,0.0001,300000,10.0,10000.0,50,10000.0,10000.0,0.807129467806504,0.8000000000000003,1.5821047367771968,1.6000000000000005,1.5821047367771968,1.6000000000000005,-0.6069876607896946,-0.6399999999999999,-0.9235477774190353,-1.2800000000000002,-0.9271565807055229,-1.2800000000000002,0.007129467806503698,0.01789526322280377,0.01789526322280377,0.03301233921030533,0.356452222580965,0.3528434192944774
1.25,1.8,1e-08,0.001,300000,10.0,10000.0,50,10000.0,1000.0,0.807129467806504,0.8000000000000003,1.5821047367771968,1.6000000000000005,1.3440972744264061,1.3458823529411768,-0.6069876607896946,-0.6399999999999999,-0.9235477774190353,-1.2800000000000002,-0.9218761936080296,-1.0767058823529412,0.007129467806503698,0.01789526322280377,0.0017850785147706105,0.03301233921030533,0.356452222580965,0.15482968874491154
1.25,1.8,1e-08,0.01,300000,10.0,10000.0,50,10000.0,100.0,0.807129467806504,0.8000000000000003,1.5821047367771968,1.6000000000000005,0.30791283504172456,0.30774976657329667,-0.6069876607896946,-0.6399999999999999,-0.9235477774190353,-1.2800000000000002,-0.6561634337749214,-0.24619981325863685,0.007129467806503698,0.01789526322280377,0.00016306846842789602,0.03301233921030533,0.356452222580965,0.40996362051628454
1.5,1.2,1e-16,0.0,300000,10.0,10000.0,50,100000000.0,inf,0.6805128681521792,0.6666666666666669,1.3342542473090997,1.3333333333333337,1.3342542473090997,1.3333333333333337,-0.15980138889882003,-0.1333333333333333,-0.39986577882695945,-0.2666666666666666,-0.39986577882695945,-0.2666666666666666,0.0138462014855123,0.0009209139757659912,0.0009209139757659912,0.02646805556548673,0.13319911216029284,0.13319911216029284
1.5,1.2,1e-16,0.0001,300000,10.0,10000.0,50,100000000.0,10000.0,0.6805128681521792,0.6666666666666669,1.3342542473090997,1.3333333333333337,1.3342542473090997,1.3333333333333337,-0.15980138889882003,-0.1333333333333333,-0.39986577882695945,-0.2666666666666666,-0.4582253060392902,-0.2666666666666666,0.0138462014855123,0.0009209139757659912,0.0009209139757659912,0.02646805556548673,0.13319911216029284,0.19155863937262357
1.5,1.2,1e-16,0.001,300000,10.0,10000.0,50,100000000.0,1000.0,0.6805128681521792,0.6666666666666669,1.3342542473090997,1.3333333333333337,1.122470847093358,1.1215686274509804,-0.15980138889882003,-0.1333333333333333,-0.39986577882695945,-0.2666666666666666,-0.3447728605067417,-0.22431372549019607,0.0138462014855123,0.0009209139757659912,0.0009022196423775775,0.02646805556548673,0.13319911216029284,0.12045913501654565
1.5,1.2,1e-16,0.01,300000,10.0,10000.0,50,100000000.0,100.0,0.6805128681521792,0.6666666666666669,1.3342542473090997,1.3333333333333337,0.25727012655819803,0.2564581388110799,-0.15980138889882003,-0.1333333333333333,-0.39986577882695945,-0.2666666666666666,-0.10386699928554043,-0.05129162776221603,0.0138462014855123,0.0009209139757659912,0.0008119877471181036,0.02646805556548673,0.13319911216029284,0.05257537152332439
1.5,1.2,1e-12,0.0,300000,10.0,10000.0,50,1000000.0,inf,0.6805128681521792,0.6666666666666669,1.334252740925792,1.3333333333333337,1.334252740925792,1.3333333333333337,-0.15980138889882003,-0.1333333333333333,-0.3998651693525251,-0.2666666666666666,-0.3998651693525251,-0.2666666666666666,0.0138462014855123,0.0009194075924583434,0.0009194075924583434,0.02646805556548673,0.13319850268585848,0.13319850268585848
1.5,1.2,1e-12,0.0001,300000,10.0,10000.0,50,1000000.0,10000.0,0.6805128681521792,0.6666666666666669,1.334252740925792,1.3333333333333337,1.334252740925792,1.3333333333333337,-0.15980138889882003,-0.1333333333333333,-0.3998651693525251,-0.2666666666666666,-0.45822483523760227,-0.2666666666666666,0.0138462014855123,0.0009194075924583434,0.0009194075924583434,0.02646805556548673,0.13319850268585848,0.19155816857093566
1.5,1.2,1e-12,0.001,300000,10.0,10000.0,50,1000000.0,1000.0,0.6805128681521792,0.6666666666666669,1.334252740925792,1.3333333333333337,1.122470847093358,1.1215686274509804,-0.15980138889882003,-0.1333333333333333,-0.3998651693525251,-0.2666666666666666,-0.34477232964005794,-0.22431372549019607,0.0138462014855123,0.0009194075924583434,0.0009022196423775775,0.02646805556548673,0.13319850268585848,0.12045860414986187
1.5,1.2,1e-12,0.01,300000,10.0,10000.0,50,1000000.0,100.0,0.6805128681521792,0.6666666666666669,1.334252740925792,1.3333333333333337,0.25727012655819803,0.2564581388110799,-0.15980138889882003,-0.1333333333333333,-0.3998651693525251,-0.2666666666666666,-0.10386698185947625,-0.05129162776221603,0.0138462014855123,0.0009194075924583434,0.0008119877471181036,0.02646805556548673,0.13319850268585848,0.05257535409726022
1.5,1.2,1e-08,0.0,300000,10.0,10000.0,50,10000.0,inf,0.6805128681521792,0.6666666666666669,1.3270477046741318,1.3333333333333337,1.3270477046741318,1.3333333333333337,-0.15980138889882003,-0.1333333333333333,-0.3953763279729442,-0.2666666666666666,-0.3953763279729442,-0.2666666666666666,0.0138462014855123,0.006285628659201903,0.006285628659201903,0.02646805556548673,0.1287096613062776,0.1287096613062776
1.5,1.2,1e-08,0.0001,300000,10.0,10000.0,50,10000.0,10000.0,0.6805128681521792,0.6666666666666669,1.3270477046741318,1.3333333333333337,1.3270477046741318,1.3333333333333337,-0.15980138889882003,-0.1333333333333333,-0.3953763279729442,-0.2666666666666666,-0.4543090951498218,-0.2666666666666666,0.0138462014855123,0.006285628659201903,0.006285628659201903,0.02646805556548673,0.1287096613062776,0.1876424284831552
1.5,1.2,1e-08,0.001,300000,10.0,10000.0,50,10000.0,1000.0,0.6805128681521792,0.6666666666666669,1.3270477046741318,1.3333333333333337,1.1207245676887199,1.1215686274509804,-0.15980138889882003,-0.1333333333333333,-0.3953763279729442,-0.2666666666666666,-0.3408579345770663,-0.22431372549019607,0.0138462014855123,0.006285628659201903,0.0008440597622605406,0.02646805556548673,0.1287096613062776,0.11654420908687024
1.5,1.2,1e-08,0.01,300000,10.0,10000.0,50,10000.0,100.0,0.6805128681521792,0.6666666666666669,1.3270477046741318,1.3333333333333337,0.25727012655819803,0.2564581388110799,-0.15980138889882003,-0.1333333333333333,-0.3953763279729442,-0.2666666666666666,-0.103729876230805,-0.05129162776221603,0.0138462014855123,0.006285628659201903,0.0008119877471181036,0.02646805556548673,0.1287096613062776,0.052438248468588966
1.5,1.4,1e-16,0.0,300000,10.0,10000.0,50,100000000.0,inf,0.6805128681521792,0.6666666666666669,1.3342542473090997,1.3333333333333337,1.3342542473090997,1.3333333333333337,-0.27180017156807634,-0.26666666666666655,-0.5658505211767004,-0.5333333333333332,-0.5658505211767004,-0.5333333333333332,0.0138462014855123,0.0009209139757659912,0.0009209139757659912,0.005133504901409791,0.03251718784336721,0.03251718784336721
1.5,1.4,1e-16,0.0001,300000,10.0,10000.0,50,100000000.0,10000.0,0.6805128681521792,0.6666666666666669,1.3342542473090997,1.3333333333333337,1.3342542473090997,1.3333333333333337,-0.27180017156807634,-0.26666666666666655,-0.5658505211767004,-0.5333333333333332,-0.6138933611169666,-0.5333333333333332,0.0138462014855123,0.0009209139757659912,0.0009209139757659912,0.005133504901409791,0.03251718784336721,0.08056002778363336
1.5,1.4,1e-16,0.001,300000,10.0,10000.0,50,100000000.0,1000.0,0.6805128681521792,0.6666666666666669,1.3342542473090997,1.3333333333333337,1.122470847093358,1.1215686274509804,-0.27180017156807634,-0.26666666666666655,-0.5658505211767004,-0.5333333333333332,-0.5387112060145155,-0.44862745098039214,0.0138462014855123,0.0009209139757659912,0.0009022196423775775,0.005133504901409791,0.03251718784336721,0.09008375503412336
1.5,1.4,1e-16,0.01,300000,10.0,10000.0,50,100000000.0,100.0,0.6805128681521792,0.6666666666666669,1.3342542473090997,1.3333333333333337,0.25727012655819803,0.2564581388110799,-0.27180017156807634,-0.26666666666666655,-0.5658505211767004,-0.5333333333333332,-0.21906270056152996,-0.10258325552443207,0.0138462014855123,0.0009209139757659912,0.0008119877471181036,0.005133504901409791,0.03251718784336721,0.1164794450370979
1.5,1.4,1e-12,0.0,300000,10.0,10000.0,50,1000000.0,inf,0.6805128681521792,0.6666666666666669,1.334252740925792,1.3333333333333337,1.334252740925792,1.3333333333333337,-0.27180017156807634,-0.26666666666666655,-0.565850147345477,-0.5333333333333332,-0.565850147345477,-0.5333333333333332,0.0138462014855123,0.0009194075924583434,0.0009194075924583434,0.005133504901409791,0.03251681401214379,0.03251681401214379
1.5,1.4,1e-12,0.0001,300000,10.0,10000.0,50,1000000.0,10000.0,0.6805128681521792,0.6666666666666669,1.334252740925792,1.3333333333333337,1.334252740925792,1.3333333333333337,-0.27180017156807634,-0.26666666666666655,-0.565850147345477,-0.5333333333333332,-0.6138931222758979,-0.5333333333333332,0.0138462014855123,0.0009194075924583434,0.0009194075924583434,0.005133504901409791,0.03251681401214379,0.08055978894256466
1.5,1.4,1e-12,0.001,300000,10.0,10000.0,50,1000000.0,1000.0,0.6805128681521792,0.6666666666666669,1.334252740925792,1.3333333333333337,1.122470847093358,1.1215686274509804,-0.27180017156807634,-0.26666666666666655,-0.565850147345477,-0.5333333333333332,-0.5387108308338343,-0.44862745098039214,0.0138462014855123,0.0009194075924583434,0.0009022196423775775,0.005133504901409791,0.03251681401214379,0.09008337985344217
1.5,1.4,1e-12,0.01,300000,10.0,10000.0,50,1000000.0,100.0,0.6805128681521792,0.6666666666666669,1.334252740925792,1.3333333333333337,0.25727012655819803,0.2564581388110799,-0.27180017156807634,-0.26666666666666655,-0.565850147345477,-0.5333333333333332,-0.21906268370532825,-0.10258325552443207,0.0138462014855123,0.0009194075924583434,0.0008119877471181036,0.005133504901409791,0.03251681401214379,0.11647942818089618
1.5,1.4,1e-08,0.0,300000,10.0,10000.0,50,10000.0,inf,0.6805128681521792,0.6666666666666669,1.3270477046741318,1.3333333333333337,1.3270477046741318,1.3333333333333337,-0.27180017156807634,-0.26666666666666655,-0.5629992215463144,-0.5333333333333332,-0.5629992215463144,-0.5333333333333332,0.0138462014855123,0.006285628659201903,0.006285628659201903,0.005133504901409791,0.029665888212981217,0.029665888212981217
1.5,1.4,1e-08,0.0001,300000,10.0,10000.0,50,10000.0,10000.0,0.6805128681521792,0.6666666666666669,1.3270477046741318,1.3333333333333337,1.3270477046741318,1.3333333333333337,-0.27180017156807634,-0.26666666666666655,-0.5629992215463144,-0.5333333333333332,-0.6118437798908294,-0.5333333333333332,0.0138462014855123,0.006285628659201903,0.006285628659201903,0.005133504901409791,0.029665888212981217,0.07851044655749617
1.5,1.4,1e-08,0.001,300000,10.0,10000.0,50,10000.0,1000.0,0.6805128681521792,0.6666666666666669,1.3270477046741318,1.3333333333333337,1.1207245676887199,1.1215686274509804,-0.27180017156807634,-0.26666666666666655,-0.5629992215463144,-0.5333333333333332,-0.5358466732177057,-0.44862745098039214,0.0138462014855123,0.006285628659201903,0.0008440597622605406,0.005133504901409791,0.029665888212981217,0.0872192222373136
1.5,1.4,1e-08,0.01,300000,10.0,10000.0,50,10000.0,100.0,0.6805128681521792,0.6666666666666669,1.3270477046741318,1.3333333333333337,0.25727012655819803,0.2564581388110799,-0.27180017156807634,-0.26666666666666655,-0.5629992215463144,-0.5333333333333332,-0.2189240639271667,-0.10258325552443207,0.0138462014855123,0.006285628659201903,0.0008119877471181036,0.005133504901409791,0.029665888212981217,0.11634080840273464
1.5,1.8,1e-16,0.0,300000,10.0,10000.0,50,100000000.0,inf,0.6805128681521792,0.6666666666666669,1.3342542473090997,1.3333333333333337,1.3342542473090997,1.3333333333333337,-0.5168791558296593,-0.5333333333333334,-0.8625453094823544,-1.066666666666667,-0.8625453094823544,-1.066666666666667,0.0138462014855123,0.0009209139757659912,0.0009209139757659912,0.016454177503674172,0.20412135718431268,0.20412135718431268
1.5,1.8,1e-16,0.0001,300000,10.0,10000.0,50,100000000.0,10000.0,0.6805128681521792,0.6666666666666669,1.3342542473090997,1.3333333333333337,1.3342542473090997,1.3333333333333337,-0.5168791558296593,-0.5333333333333334,-0.8625453094823544,-1.066666666666667,-0.8743452107832288,-1.066666666666667,0.0138462014855123,0.0009209139757659912,0.0009209139757659912,0.016454177503674172,0.20412135718431268,0.1923214558834383
1.5,1.8,1e-16,0.001,300000,10.0,10000.0,50,100000000.0,1000.0,0.6805128681521792,0.6666666666666669,1.3342542473090997,1.3333333333333337,1.122470847093358,1.1215686274509804,-0.5168791558296593,-0.5333333333333334,-0.8625453094823544,-1.066666666666667,-0.8598680636332867,-0.8972549019607841,0.0138462014855123,0.0009209139757659912,0.0009022196423775775,0.016454177503674172,0.20412135718431268,0.03738683832749734
1.5,1.8,1e-16,0.01,300000,10.0,10000.0,50,100000000.0,100.0,0.6805128681521792,0.6666666666666669,1.3342542473090997,1.3333333333333337,0.25727012655819803,0.2564581388110799,-0.5168791558296593,-0.5333333333333334,-0.8625453094823544,-1.066666666666667,-0.5445695239705485,-0.20516651104886402,0.0138462014855123,0.0009209139757659912,0.0008119877471181036,0.016454177503674172,0.20412135718431268,0.33940301292168445
1.5,1.8,1e-12,0.0,300000,10.0,10000.0,50,1000000.0,inf,0.6805128681521792,0.6666666666666669,1.334252740925792,1.3333333333333337,1.334252740925792,1.3333333333333337,-0.5168791558296593,-0.5333333333333334,-0.8625452547941601,-1.066666666666667,-0.8625452547941601,-1.066666666666667,0.0138462014855123,0.0009194075924583434,0.0009194075924583434,0.016454177503674172,0.20412141187250699,0.20412141187250699
1.5,1.8,1e-12,0.0001,300000,10.0,10000.0,50,1000000.0,10000.0,0.6805128681521792,0.6666666666666669,1.334252740925792,1.3333333333333337,1.334252740925792,1.3333333333333337,-0.5168791558296593,-0.5333333333333334,-0.8625452547941601,-1.066666666666667,-0.8743451847766208,-1.066666666666667,0.0138462014855123,0.0009194075924583434,0.0009194075924583434,0.016454177503674172,0.20412141187250699,0.19232148189004628
1.5,1.8,1e-12,0.001,300000,10.0,10000.0,50,1000000.0,1000.0,0.6805128681521792,0.6666666666666669,1.334252740925792,1.3333333333333337,1.122470847093358,1.1215686274509804,-0.5168791558296593,-0.5333333333333334,-0.8625452547941601,-1.066666666666667,-0.8598680063095854,-0.8972549019607841,0.0138462014855123,0.0009194075924583434,0.0009022196423775775,0.016454177503674172,0.20412141187250699,0.03738689565119868
1.5,1.8,1e-12,0.01,300000,10.0,10000.0,50,1000000.0,100.0,0.6805128681521792,0.6666666666666669,1.334252740925792,1.3333333333333337,0.25727012655819803,0.2564581388110799,-0.5168791558296593,-0.5333333333333334,-0.8625452547941601,-1.066666666666667,-0.544569518599897,-0.20516651104886402,0.0138462014855123,0.0009194075924583434,0.0008119877471181036,0.016454177503674172,0.20412141187250699,0.339403007551033
1.5,1.8,1e-08,0.0,300000,10.0,10000.0,50,10000.0,inf,0.6805128681521792,0.6666666666666669,1.3270477046741318,1.3333333333333337,1.3270477046741318,1.3333333333333337,-0.5168791558296593,-0.5333333333333334,-0.8620958538490942,-1.066666666666667,-0.8620958538490942,-1.066666666666667,0.0138462014855123,0.006285628659201903,0.006285628659201903,0.016454177503674172,0.20457081281757294,0.20457081281757294
1.5,1.8,1e-08,0.0001,300000,10.0,10000.0,50,10000.0,10000.0,0.6805128681521792,0.6666666666666669,1.3270477046741318,1.3333333333333337,1.3270477046741318,1.3333333333333337,-0.5168791558296593,-0.5333333333333334,-0.8620958538490942,-1.066666666666667,-0.8741114563380443,-1.066666666666667,0.0138462014855123,0.006285628659201903,0.006285628659201903,0.016454177503674172,0.20457081281757294,0.19255521032862277
1.5,1.8,1e-08,0.001,300000,10.0,10000.0,50,10000.0,1000.0,0.6805128681521792,0.6666666666666669,1.3270477046741318,1.3333333333333337,1.1207245676887199,1.1215686274509804,-0.5168791558296593,-0.5333333333333334,-0.8620958538490942,-1.066666666666667,-0.8593967418658061,-0.8972549019607841,0.0138462014855123,0.006285628659201903,0.0008440597622605406,0.016454177503674172,0.20457081281757294,0.037858160094978
1.5,1.8,1e-08,0.01,300000,10.0,10000.0,50,10000.0,100.0,0.6805128681521792,0.6666666666666669,1.3270477046741318,1.3333333333333337,0.25727012655819803,0.2564581388110799,-0.5168791558296593,-0.5333333333333334,-0.8620958538490942,-1.066666666666667,-0.5445210926236091,-0.20516651104886402,0.0138462014855123,0.006285628659201903,0.0008119877471181036,0.016454177503674172,0.20457081281757294,0.33935458157474513
2.0,1.2,1e-16,0.0,300000,10.0,10000.0,50,100000000.0,inf,0.5202443461871704,0.4999999999999999,1.004139596861976,1.0,1.004139596861976,1.0,-0.11612210081716631,-0.09999999999999999,-0.26231381619905025,-0.2,-0.26231381619905025,-0.2,0.020244346187170525,0.004139596861975958,0.004139596861975958,0.01612210081716632,0.06231381619905024,0.06231381619905024
2.0,1.2,1e-16,0.0001,300000,10.0,10000.0,50,100000000.0,10000.0,0.5202443461871704,0.4999999999999999,1.004139596861976,1.0,1.004139596861976,1.0,-0.11612210081716631,-0.09999999999999999,-0.26231381619905025,-0.2,-0.3056634637952365,-0.2,0.020244346187170525,0.004139596861975958,0.004139596861975958,0.01612210081716632,0.06231381619905024,0.1056634637952365
2.0,1.2,1e-16,0.001,300000,10.0,10000.0,50,100000000.0,1000.0,0.5202443461871704,0.4999999999999999,1.004139596861976,1.0,0.8451466283046428,0.8411764705882355,-0.11612210081716631,-0.09999999999999999,-0.26231381619905025,-0.2,-0.20561079513334768,-0.1682352941176471,0.020244346187170525,0.004139596861975958,0.0039701577164072965,0.01612210081716632,0.06231381619905024,0.037375501015700585
2.0,1.2,1e-16,0.01,300000,10.0,10000.0,50,100000000.0,100.0,0.5202443461871704,0.4999999999999999,1.004139596861976,1.0,0.19387277289769747,0.19234360410831014,-0.11612210081716631,-0.09999999999999999,-0.26231381619905025,-0.2,-0.06424794910542107,-0.038468720821662056,0.020244346187170525,0.004139596861975958,0.0015291687893873307,0.01612210081716632,0.06231381619905024,0.025779228283759018
2.0,1.2,1e-12,0.0,300000,10.0,10000.0,50,1000000.0,inf,0.5202443461871704,0.4999999999999999,1.004139596861976,1.0,1.004139596861976,1.0,-0.11612210081716631,-0.09999999999999999,-0.26230448495457404,-0.2,-0.26230448495457404,-0.2,0.020244346187170525,0.004139596861975958,0.004139596861975958,0.01612210081716632,0.062304484954574024,0.062304484954574024
2.0,1.2,1e-12,0.0001,300000,10.0,10000.0,50,1000000.0,10000.0,0.5202443461871704,0.4999999999999999,1.004139596861976,1.0,1.004139596861976,1.0,-0.11612210081716631,-0.09999999999999999,-0.26230448495457404,-0.2,-0.3056019602052,-0.2,0.020244346187170525,0.004139596861975958,0.004139596861975958,0.01612210081716632,0.062304484954574024,0.10560196020519996
2.0,1.2,1e-12,0.001,300000,10.0,10000.0,50,1000000.0,1000.0,0.5202443461871704,0.4999999999999999,1.004139596861976,1.0,0.8451466283046428,0.8411764705882355,-0.11612210081716631,-0.09999999999999999,-0.26230448495457404,-0.2,-0.2056055162950561,-0.1682352941176471,0.020244346187170525,0.004139596861975958,0.0039701577164072965,0.01612210081716632,0.062304484954574024,0.03737022217740901
2.0,1.2,1e-12,0.01,300000,10.0,10000.0,50,1000000.0,100.0,0.5202443461871704,0.4999999999999999,1.004139596861976,1.0,0.19387277289769747,0.19234360410831014,-0.11612210081716631,-0.09999999999999999,-0.26230448495457404,-0.2,-0.06424782191295396,-0.038468720821662056,0.020244346187170525,0.004139596861975958,0.0015291687893873307,0.01612210081716632,0.062304484954574024,0.025779101091291903
2.0,1.2,1e-08,0.0,300000,10.0,10000.0,50,10000.0,inf,0.5202443461871704,0.4999999999999999,0.9987618822110819,1.0,0.9987618822110819,1.0,-0.11612210081716631,-0.09999999999999999,-0.25598194322720963,-0.2,-0.25598194322720963,-0.2,0.020244346187170525,0.001238117788918136,0.001238117788918136,0.01612210081716632,0.05598194322720962,0.05598194322720962
2.0,1.2,1e-08,0.0001,300000,10.0,10000.0,50,10000.0,10000.0,0.5202443461871704,0.4999999999999999,0.9987618822110819,1.0,0.9987618822110819,1.0,-0.11612210081716631,-0.09999999999999999,-0.25598194322720963,-0.2,-0.2860381510964814,-0.2,0.020244346187170525,0.001238117788918136,0.001238117788918136,0.01612210081716632,0.05598194322720962,0.08603815109648139
2.0,1.2,1e-08,0.001,300000,10.0,10000.0,50,10000.0,1000.0,0.5202443461871704,0.4999999999999999,0.9987618822110819,1.0,0.8440745710562348,0.8411764705882355,-0.11612210081716631,-0.09999999999999999,-0.25598194322720963,-0.2,-0.20168708752291192,-0.1682352941176471,0.020244346187170525,0.001238117788918136,0.0028981004679993205,0.01612210081716632,0.05598194322720962,0.03345179340526483
2.0,1.2,1e-08,0.01,300000,10.0,10000.0,50,10000.0,100.0,0.5202443461871704,0.4999999999999999,0.9987618822110819,1.0,0.19387277289769747,0.19234360410831014,-0.11612210081716631,-0.09999999999999999,-0.25598194322720963,-0.2,-0.06412004672578461,-0.038468720821662056,0.020244346187170525,0.001238117788918136,0.0015291687893873307,0.01612210081716632,0.05598194322720962,0.025651325904122557
2.0,1.4,1e-16,0.0,300000,10.0,10000.0,50,100000000.0,inf,0.5202443461871704,0.4999999999999999,1.004139596861976,1.0,1.004139596861976,1.0,-0.20311845336909984,-0.2,-0.4135623235029001,-0.39999999999999997,-0.4135623235029001,-0.39999999999999997,0.020244346187170525,0.004139596861975958,0.004139596861975958,0.0031184533690998273,0.013562323502900153,0.013562323502900153
2.0,1.4,1e-16,0.0001,300000,10.0,10000.0,50,100000000.0,10000.0,0.5202443461871704,0.4999999999999999,1.004139596861976,1.0,1.004139596861976,1.0,-0.20311845336909984,-0.2,-0.4135623235029001,-0.39999999999999997,-0.46737484206160934,-0.39999999999999997,0.020244346187170525,0.004139596861975958,0.004139596861975958,0.0031184533690998273,0.013562323502900153,0.06737484206160937
2.0,1.4,1e-16,0.001,300000,10.0,10000.0,50,100000000.0,1000.0,0.5202443461871704,0.4999999999999999,1.004139596861976,1.0,0.8451466283046428,0.8411764705882355,-0.20311845336909984,-0.2,-0.4135623235029001,-0.39999999999999997,-0.37135921196963134,-0.3364705882352942,0.020244346187170525,0.004139596861975958,0.0039701577164072965,0.0031184533690998273,0.013562323502900153,0.034888623734337154
2.0,1.4,1e-16,0.01,300000,10.0,10000.0,50,100000000.0,100.0,0.5202443461871704,0.4999999999999999,1.004139596861976,1.0,0.19387277289769747,0.19234360410831014,-0.20311845336909984,-0.2,-0.4135623235029001,-0.39999999999999997,-0.13996105483603485,-0.07693744164332404,0.020244346187170525,0.004139596861975958,0.0015291687893873307,0.0031184533690998273,0.013562323502900153,0.06302361319271081
2.0,1.4,1e-12,0.0,300000,10.0,10000.0,50,1000000.0,inf,0.5202443461871704,0.4999999999999999,1.004139596861976,1.0,1.004139596861976,1.0,-0.20311845336909984,-0.2,-0.4135571194387782,-0.39999999999999997,-0.4135571194387782,-0.39999999999999997,0.020244346187170525,0.004139596861975958,0.004139596861975958,0.0031184533690998273,0.013557119438778242,0.013557119438778242
2.0,1.4,1e-12,0.0001,300000,10.0,10000.0,50,1000000.0,10000.0,0.5202443461871704,0.4999999999999999,1.004139596861976,1.0,1.004139596861976,1.0,-0.20311845336909984,-0.2,-0.4135571194387782,-0.39999999999999997,-0.4673382245217791,-0.39999999999999997,0.020244346187170525,0.004139596861975958,0.004139596861975958,0.0031184533690998273,0.013557119438778242,0.06733822452177912
2.0,1.4,1e-12,0.001,300000,10.0,10000.0,50,1000000.0,1000.0,0.5202443461871704,0.4999999999999999,1.004139596861976,1.0,0.8451466283046428,0.8411764705882355,-0.20311845336909984,-0.2,-0.4135571194387782,-0.39999999999999997,-0.3713551195160014,-0.3364705882352942,0.020244346187170525,0.004139596861975958,0.0039701577164072965,0.0031184533690998273,0.013557119438778242,0.03488453128070723
2.0,1.4,1e-12,0.01,300000,10.0,10000.0,50,1000000.0,100.0,0.5202443461871704,0.4999999999999999,1.004139596861976,1.0,0.19387277289769747,0.19234360410831014,-0.20311845336909984,-0.2,-0.4135571194387782,-0.39999999999999997,-0.13996094503790543,-0.07693744164332404,0.020244346187170525,0.004139596861975958,0.0015291687893873307,0.0031184533690998273,0.013557119438778242,0.06302350339458139
2.0,1.4,1e-08,0.0,300000,10.0,10000.0,50,10000.0,inf,0.5202443461871704,0.4999999999999999,0.9987618822110819,1.0,0.9987618822110819,1.0,-0.20311845336909984,-0.2,-0.40841793471619137,-0.39999999999999997,-0.40841793471619137,-0.39999999999999997,0.020244346187170525,0.001238117788918136,0.001238117788918136,0.0031184533690998273,0.0084179347161914,0.0084179347161914
2.0,1.4,1e-08,0.0001,300000,10.0,10000.0,50,10000.0,10000.0,0.5202443461871704,0.4999999999999999,0.9987618822110819,1.0,0.9987618822110819,1.0,-0.20311845336909984,-0.2,-0.40841793471619137,-0.39999999999999997,-0.45217772840978876,-0.39999999999999997,0.020244346187170525,0.001238117788918136,0.001238117788918136,0.0031184533690998273,0.0084179347161914,0.05217772840978879
2.0,1.4,1e-08,0.001,300000,10.0,10000.0,50,10000.0,1000.0,0.5202443461871704,0.4999999999999999,0.9987618822110819,1.0,0.8440745710562348,0.8411764705882355,-0.20311845336909984,-0.2,-0.40841793471619137,-0.39999999999999997,-0.36700131213340986,-0.3364705882352942,0.020244346187170525,0.001238117788918136,0.0028981004679993205,0.0031184533690998273,0.0084179347161914,0.030530723898115675
2.0,1.4,1e-08,0.01,300000,10.0,10000.0,50,10000.0,100.0,0.5202443461871704,0.4999999999999999,0.9987618822110819,1.0,0.19387277289769747,0.19234360410831014,-0.20311845336909984,-0.2,-0.40841793471619137,-0.39999999999999997,-0.13979114724684955,-0.07693744164332404,0.020244346187170525,0.001238117788918136,0.0015291687893873307,0.0031184533690998273,0.0084179347161914,0.0628537056035255
2.0,1.8,1e-16,0.0,300000,10.0,10000.0,50,100000000.0,inf,0.5202443461871704,0.4999999999999999,1.004139596861976,1.0,1.004139596861976,1.0,-0.3948854494134325,-0.4,-0.7245848908015377,-0.8000000000000003,-0.7245848908015377,-0.8000000000000003,0.020244346187170525,0.004139596861975958,0.004139596861975958,0.005114550586567512,0.07541510919846262,0.07541510919846262
2.0,1.8,1e-16,0.0001,300000,10.0,10000.0,50,100000000.0,10000.0,0.5202443461871704,0.4999999999999999,1.004139596861976,1.0,1.004139596861976,1.0,-0.3948854494134325,-0.4,-0.7245848908015377,-0.8000000000000003,-0.7560044413736079,-0.8000000000000003,0.020244346187170525,0.004139596861975958,0.004139596861975958,0.005114550586567512,0.07541510919846262,0.04399555862639237
2.0,1.8,1e-16,0.001,300000,10.0,10000.0,50,100000000.0,1000.0,0.5202443461871704,0.4999999999999999,1.004139596861976,1.0,0.8451466283046428,0.8411764705882355,-0.3948854494134325,-0.4,-0.7245848908015377,-0.8000000000000003,-0.7153077509773906,-0.6729411764705886,0.020244346187170525,0.004139596861975958,0.0039701577164072965,0.005114550586567512,0.07541510919846262,0.042366574506802035
2.0,1.8,1e-16,0.01,300000,10.0,10000.0,50,100000000.0,100.0,0.5202443461871704,0.4999999999999999,1.004139596861976,1.0,0.19387277289769747,0.19234360410831014,-0.3948854494134325,-0.4,-0.7245848908015377,-0.8000000000000003,-0.37933033380290926,-0.15387488328664833,0.020244346187170525,0.004139596861975958,0.0015291687893873307,0.005114550586567512,0.07541510919846262,0.22545545051626092
2.0,1.8,1e-12,0.0,300000,10.0,10000.0,50,1000000.0,inf,0.5202443461871704,0.4999999999999999,1.004139596861976,1.0,1.004139596861976,1.0,-0.3948854494134325,-0.4,-0.7245839798761335,-0.8000000000000003,-0.7245839798761335,-0.8000000000000003,0.020244346187170525,0.004139596861975958,0.004139596861975958,0.005114550586567512,0.07541602012386672,0.07541602012386672
2.0,1.8,1e-12,0.0001,300000,10.0,10000.0,50,1000000.0,10000.0,0.5202443461871704,0.4999999999999999,1.004139596861976,1.0,1.004139596861976,1.0,-0.3948854494134325,-0.4,-0.7245839798761335,-0.8000000000000003,-0.7559996512791648,-0.8000000000000003,0.020244346187170525,0.004139596861975958,0.004139596861975958,0.005114550586567512,0.07541602012386672,0.04400034872083547
2.0,1.8,1e-12,0.001,300000,10.0,10000.0,50,1000000.0,1000.0,0.5202443461871704,0.4999999999999999,1.004139596861976,1.0,0.8451466283046428,0.8411764705882355,-0.3948854494134325,-0.4,-0.7245839798761335,-0.8000000000000003,-0.7153068906174329,-0.6729411764705886,0.020244346187170525,0.004139596861975958,0.0039701577164072965,0.005114550586567512,0.07541602012386672,0.04236571414684431
2.0,1.8,1e-12,0.01,300000,10.0,10000.0,50,1000000.0,100.0,0.5202443461871704,0.4999999999999999,1.004139596861976,1.0,0.19387277289769747,0.19234360410831014,-0.3948854494134325,-0.4,-0.7245839798761335,-0.8000000000000003,-0.3793303032046319,-0.15387488328664833,0.020244346187170525,0.004139596861975958,0.0015291687893873307,0.005114550586567512,0.07541602012386672,0.22545541991798357
2.0,1.8,1e-08,0.0,300000,10.0,10000.0,50,10000.0,inf,0.5202443461871704,0.4999999999999999,0.9987618822110819,1.0,0.9987618822110819,1.0,-0.3948854494134325,-0.4,-0.7226886849493503,-0.8000000000000003,-0.7226886849493503,-0.8000000000000003,0.020244346187170525,0.001238117788918136,0.001238117788918136,0.005114550586567512,0.07731131505064992,0.07731131505064992
2.0,1.8,1e-08,0.0001,300000,10.0,10000.0,50,10000.0,10000.0,0.5202443461871704,0.4999999999999999,0.9987618822110819,1.0,0.9987618822110819,1.0,-0.3948854494134325,-0.4,-0.7226886849493503,-0.8000000000000003,-0.752479902833649,-0.8000000000000003,0.020244346187170525,0.001238117788918136,0.001238117788918136,0.005114550586567512,0.07731131505064992,0.047520097166351305
2.0,1.8,1e-08,0.001,300000,10.0,10000.0,50,10000.0,1000.0,0.5202443461871704,0.4999999999999999,0.9987618822110819,1.0,0.8440745710562348,0.8411764705882355,-0.3948854494134325,-0.4,-0.7226886849493503,-0.8000000000000003,-0.7133905937636472,-0.6729411764705886,0.020244346187170525,0.001238117788918136,0.0028981004679993205,0.005114550586567512,0.07731131505064992,0.04044941729305862
2.0,1.8,1e-08,0.01,300000,10.0,10000.0,50,10000.0,100.0,0.5202443461871704,0.4999999999999999,0.9987618822110819,1.0,0.19387277289769747,0.19234360410831014,-0.3948854494134325,-0.4,-0.7226886849493503,-0.8000000000000003,-0.37921914859444916,-0.15387488328664833,0.020244346187170525,0.001238117788918136,0.0015291687893873307,0.005114550586567512,0.07731131505064992,0.22534426530780083
