case,optimizer,lr,step,risk_mean,risk_std,q_eff_mean,risk_slope_loglog
gaussian_sketch,adam,0.0003,250,2.3107922841168507,0.021521807560588076,-0.07563017977043485,-0.5667143294284263
gaussian_sketch,adam,0.0003,500,1.9263917467549792,0.02816484396460298,-0.0655199424847683,-0.5667143294284263
gaussian_sketch,adam,0.0003,1000,1.4299971985328446,0.02790082740494433,-0.044963066797443885,-0.5667143294284263
gaussian_sketch,adam,0.0003,2000,0.9955316048377915,0.015061770154242924,-0.025265119476853372,-0.5667143294284263
gaussian_sketch,adam,0.0003,4000,0.6708182482369919,0.009636080289097751,-0.021712173989109275,-0.5667143294284263
gaussian_sketch,adam,0.0003,8000,0.4387792947569985,0.010255985057596633,-0.02032956266823498,-0.5667143294284263
gaussian_sketch,adam,0.0003,16000,0.27083325998127206,0.006679786434087506,-0.02090632305791724,-0.5667143294284263
gaussian_sketch,adam,0.001,250,1.5930958914020406,0.04291641599610021,-0.05908565625569258,-0.7348945433008819
gaussian_sketch,adam,0.001,500,1.1391230647393884,0.017343086693665768,-0.03693157707417856,-0.7348945433008819
gaussian_sketch,adam,0.001,1000,0.7729137919027026,0.010872398767764328,-0.02341012242215539,-0.7348945433008819
gaussian_sketch,adam,0.001,2000,0.5062075509428102,0.01107708403773622,-0.020369896992407897,-0.7348945433008819
gaussian_sketch,adam,0.001,4000,0.315492901013246,0.008322754145721464,-0.02180736214608392,-0.7348945433008819
gaussian_sketch,adam,0.001,8000,0.1800842224349482,0.00396442938847082,-0.02120444276310962,-0.7348945433008819
gaussian_sketch,adam,0.001,16000,0.08485053360610575,0.002238748821754652,-0.02172476566542043,-0.7348945433008819
gaussian_sketch,adam,0.003,250,0.9436113630671841,0.017031939829876046,-0.037519353727204365,-1.1609246373471656
gaussian_sketch,adam,0.003,500,0.6358386731489388,0.01075725121762918,-0.02285303268624559,-1.1609246373471656
gaussian_sketch,adam,0.003,1000,0.40630226068896497,0.010972919256535166,-0.021453434508865388,-1.1609246373471656
gaussian_sketch,adam,0.003,2000,0.24177513603791406,0.007025433675378131,-0.020859190110324444,-1.1609246373471656
gaussian_sketch,adam,0.003,4000,0.12521852458834243,0.0028671568779277774,-0.021711047643910207,-1.1609246373471656
gaussian_sketch,adam,0.003,8000,0.048574455612919155,0.0020016163841756716,-0.023429539886355544,-1.1609246373471656
gaussian_sketch,adam,0.003,16000,0.00928214520834012,0.000943126886779199,-0.02313323625426471,-1.1609246373471656
gaussian_sketch,adam,0.01,250,0.4933848827527109,0.010434646066982536,-0.02595147764918877,-1.7768819147867072
gaussian_sketch,adam,0.01,500,0.3063558007085098,0.008088972732948526,-0.022003706935980506,-1.7768819147867072
gaussian_sketch,adam,0.01,1000,0.16910113066241422,0.0059210972971205054,-0.023035657969688428,-1.7768819147867072
gaussian_sketch,adam,0.01,2000,0.07423602188712106,0.0024331634091485873,-0.023747196546541914,-1.7768819147867072
gaussian_sketch,adam,0.01,4000,0.020068466837541328,0.002031057959913268,-0.026487316363745284,-1.7768819147867072
gaussian_sketch,adam,0.01,8000,0.0028266765835554793,0.0005096806507926859,-0.028751475488337695,-1.7768819147867072
gaussian_sketch,adam,0.01,16000,0.0008350359161428588,0.0003853932188101286,-0.027817252202837685,-1.7768819147867072
gaussian_sketch,adam,0.03,250,0.24934628872398798,0.007600471029930392,-0.025800184968550056,-1.1676195751356873
gaussian_sketch,adam,0.03,500,0.1334233110224761,0.0032751810665700124,-0.025821850264134992,-1.1676195751356873
gaussian_sketch,adam,0.03,1000,0.05255515119088487,0.0020422082264378374,-0.02705162411587365,-1.1676195751356873
gaussian_sketch,adam,0.03,2000,0.013926059654922617,0.002916314343670712,-0.032352151408044746,-1.1676195751356873
gaussian_sketch,adam,0.03,4000,0.003490974183794554,0.0013011404114643573,-0.03711457091585209,-1.1676195751356873
gaussian_sketch,adam,0.03,8000,0.002689750766863216,0.001386962987012513,-0.036086953550987476,-1.1676195751356873
gaussian_sketch,adam,0.03,16000,0.003626856536992351,0.0013071378394229917,-0.03554542937139375,-1.1676195751356873
gaussian_sketch,adam,0.1,250,0.11254023981926235,0.01280858649549646,-0.03326205542277714,-0.35874482005028424
gaussian_sketch,adam,0.1,500,0.05078905650033514,0.014673680110133916,-0.0383463921081616,-0.35874482005028424
gaussian_sketch,adam,0.1,1000,0.01639324463021287,0.00497048707817267,-0.04771502186850403,-0.35874482005028424
gaussian_sketch,adam,0.1,2000,0.013456912607321101,0.009554538879297286,-0.051820762351560766,-0.35874482005028424
gaussian_sketch,adam,0.1,4000,0.01147611940911556,0.008010423286627244,-0.049919448173331604,-0.35874482005028424
gaussian_sketch,adam,0.1,8000,0.014287414721348857,0.006975665891401544,-0.0452045892526457,-0.35874482005028424
gaussian_sketch,adam,0.1,16000,0.009987949079298158,0.004555345846077196,-0.04583398957376546,-0.35874482005028424
gaussian_sketch,adamw,0.0003,250,2.316242348123727,0.025749352415119327,-0.07472178196079986,-0.5668842800746121
gaussian_sketch,adamw,0.0003,500,1.9285810125395568,0.028512560730392923,-0.06625385575401097,-0.5668842800746121
gaussian_sketch,adamw,0.0003,1000,1.4359046834964775,0.027468501066825243,-0.04527070659024472,-0.5668842800746121
gaussian_sketch,adamw,0.0003,2000,0.9971392740261565,0.014664837709078258,-0.027243268450213652,-0.5668842800746121
gaussian_sketch,adamw,0.0003,4000,0.6722952385487874,0.010155130273220665,-0.02163414043126328,-0.5668842800746121
gaussian_sketch,adamw,0.0003,8000,0.4391683856037095,0.009964141477884743,-0.020892518551859585,-0.5668842800746121
gaussian_sketch,adamw,0.0003,16000,0.2714123236604605,0.006675722374772285,-0.0212494482196836,-0.5668842800746121
gaussian_sketch,adamw,0.001,250,1.6007183351261371,0.030818496147884848,-0.059798507696933935,-0.7327358570529182
gaussian_sketch,adamw,0.001,500,1.1405312622237807,0.02338617126308134,-0.037546732117589854,-0.7327358570529182
gaussian_sketch,adamw,0.001,1000,0.7731753037977722,0.011205168603570704,-0.02369104792463921,-0.7327358570529182
gaussian_sketch,adamw,0.001,2000,0.504547824603068,0.011949902923325102,-0.02044310249968635,-0.7327358570529182
gaussian_sketch,adamw,0.001,4000,0.3162140959655489,0.00817014496925199,-0.021032676748562018,-0.7327358570529182
gaussian_sketch,adamw,0.001,8000,0.18080640256557792,0.004019714480901145,-0.021943724833319612,-0.7327358570529182
gaussian_sketch,adamw,0.001,16000,0.0855660756590376,0.002050034424717969,-0.02221359428549736,-0.7327358570529182
gaussian_sketch,adamw,0.003,250,0.9531104892497559,0.014494267254467773,-0.03712909366125474,-1.1507241243214532
gaussian_sketch,adamw,0.003,500,0.6410308566425997,0.010495999784207335,-0.022937901850850075,-1.1507241243214532
gaussian_sketch,adamw,0.003,1000,0.40695992522730506,0.007804463102906974,-0.021090963859070545,-1.1507241243214532
gaussian_sketch,adamw,0.003,2000,0.2423238904968227,0.005378370450712499,-0.021557770413815992,-1.1507241243214532
gaussian_sketch,adamw,0.003,4000,0.1257903349869956,0.003008815592141793,-0.022362313451262918,-1.1507241243214532
gaussian_sketch,adamw,0.003,8000,0.0492080304497429,0.00204948814993,-0.02276823501463667,-1.1507241243214532
gaussian_sketch,adamw,0.003,16000,0.009761594820759955,0.0009518683778090782,-0.0235855315217695,-1.1507241243214532
gaussian_sketch,adamw,0.01,250,0.49824296735931173,0.011170164138577661,-0.02593101984027093,-1.7247010742959543
gaussian_sketch,adamw,0.01,500,0.31012981019472624,0.009719342298453481,-0.02208538214707074,-1.7247010742959543
gaussian_sketch,adamw,0.01,1000,0.17228244295804906,0.005424762717419603,-0.02356134555766245,-1.7247010742959543
gaussian_sketch,adamw,0.01,2000,0.07553684620139971,0.0029146325524114485,-0.0238354194834135,-1.7247010742959543
gaussian_sketch,adamw,0.01,4000,0.021138240711113882,0.0015591489461543818,-0.026718144291255942,-1.7247010742959543
gaussian_sketch,adamw,0.01,8000,0.0030694906670789964,0.0007253501422057132,-0.027484243765806514,-1.7247010742959543
gaussian_sketch,adamw,0.01,16000,0.0010407802425437085,0.00031242971312149493,-0.02757057342404181,-1.7247010742959543
gaussian_sketch,adamw,0.03,250,0.2502628206392268,0.012170249954184552,-0.024933031645402524,-1.1700032527462398
gaussian_sketch,adamw,0.03,500,0.1357837174963151,0.008820146270881908,-0.02538313827672829,-1.1700032527462398
gaussian_sketch,adamw,0.03,1000,0.05528737724500223,0.004452144576042934,-0.02806388529978765,-1.1700032527462398
gaussian_sketch,adamw,0.03,2000,0.014481971414893375,0.0034787344566739728,-0.0325735256078508,-1.1700032527462398
gaussian_sketch,adamw,0.03,4000,0.003206889608331271,0.0008283401907762895,-0.03653217749230022,-1.1700032527462398
gaussian_sketch,adamw,0.03,8000,0.004113263408932056,0.001988725525785871,-0.037043223796442405,-1.1700032527462398
gaussian_sketch,adamw,0.03,16000,0.0029882545581613315,0.001532303014288175,-0.03647082877121777,-1.1700032527462398
gaussian_sketch,adamw,0.1,250,0.10859561486442122,0.007126671505930845,-0.03126354890594833,-0.34958972888167894
gaussian_sketch,adamw,0.1,500,0.05008079927834499,0.00842641045608298,-0.03727784513260213,-0.34958972888167894
gaussian_sketch,adamw,0.1,1000,0.019039558817150897,0.005399757838868733,-0.04589540533794365,-0.34958972888167894
gaussian_sketch,adamw,0.1,2000,0.011117171523813533,0.00540902907216272,-0.05023363224546904,-0.34958972888167894
gaussian_sketch,adamw,0.1,4000,0.009923079386586008,0.004483569300348504,-0.04970858681978137,-0.34958972888167894
gaussian_sketch,adamw,0.1,8000,0.01262181579600502,0.005641645280610897,-0.04747433008825619,-0.34958972888167894
gaussian_sketch,adamw,0.1,16000,0.012022724168292137,0.008012609648382194,-0.04904490920693281,-0.34958972888167894
gaussian_sketch,coord_oracle,0.0003,250,2.373956996812592,0.016055760000936243,-0.02097137797289834,-0.3679767710087642
gaussian_sketch,coord_oracle,0.0003,500,2.0508760051216117,0.026510827170606818,-0.02097137797289834,-0.3679767710087642
gaussian_sketch,coord_oracle,0.0003,1000,1.6448004894930661,0.02492144479263837,-0.02097137797289834,-0.3679767710087642
gaussian_sketch,coord_oracle,0.0003,2000,1.2705594575362402,0.014463676986182623,-0.02097137797289834,-0.3679767710087642
gaussian_sketch,coord_oracle,0.0003,4000,0.9835994629907571,0.009414497462154389,-0.02097137797289834,-0.3679767710087642
gaussian_sketch,coord_oracle,0.0003,8000,0.7583487247401836,0.009062002493733854,-0.02097137797289834,-0.3679767710087642
gaussian_sketch,coord_oracle,0.0003,16000,0.5761253500490102,0.00932225072062318,-0.02097137797289834,-0.3679767710087642
gaussian_sketch,coord_oracle,0.001,250,1.7617315254836488,0.0280157566822302,-0.02097137797289834,-0.40019206700882015
gaussian_sketch,coord_oracle,0.001,500,1.3616905898292573,0.019666328145903546,-0.02097137797289834,-0.40019206700882015
gaussian_sketch,coord_oracle,0.001,1000,1.0492528650735995,0.011362225698284583,-0.02097137797289834,-0.40019206700882015
gaussian_sketch,coord_oracle,0.001,2000,0.8131896438898325,0.010879614536081644,-0.02097137797289834,-0.40019206700882015
gaussian_sketch,coord_oracle,0.001,4000,0.6206672031770932,0.00969515553257107,-0.02097137797289834,-0.40019206700882015
gaussian_sketch,coord_oracle,0.001,8000,0.4639726911225238,0.008575003895315172,-0.02097137797289834,-0.40019206700882015
gaussian_sketch,coord_oracle,0.001,16000,0.33642555529412566,0.006882897254819472,-0.02097137797289834,-0.40019206700882015
gaussian_sketch,coord_oracle,0.003,250,1.1646364488497112,0.015707853546078905,-0.02097137797289834,-0.4573563523234596
gaussian_sketch,coord_oracle,0.003,500,0.9047564800283421,0.013189353480368943,-0.02097137797289834,-0.4573563523234596
gaussian_sketch,coord_oracle,0.003,1000,0.6962114659615477,0.011130300862052567,-0.02097137797289834,-0.4573563523234596
gaussian_sketch,coord_oracle,0.003,2000,0.5253724814401718,0.010444728625142792,-0.02097137797289834,-0.4573563523234596
gaussian_sketch,coord_oracle,0.003,4000,0.3864711299423015,0.008094375494699222,-0.02097137797289834,-0.4573563523234596
gaussian_sketch,coord_oracle,0.003,8000,0.27352562010829906,0.005641800260572603,-0.02097137797289834,-0.4573563523234596
gaussian_sketch,coord_oracle,0.003,16000,0.18319000980767908,0.0032792091252549535,-0.02097137797289834,-0.4573563523234596
gaussian_sketch,coord_oracle,0.01,250,0.7475800767266192,0.011705045912726123,-0.02097137797289834,-0.5841430580701676
gaussian_sketch,coord_oracle,0.01,500,0.5690410963978991,0.012055176292365147,-0.02097137797289834,-0.5841430580701676
gaussian_sketch,coord_oracle,0.01,1000,0.42060025109239446,0.009520854122350398,-0.02097137797289834,-0.5841430580701676
gaussian_sketch,coord_oracle,0.01,2000,0.30113389530430607,0.007094966805746347,-0.02097137797289834,-0.5841430580701676
gaussian_sketch,coord_oracle,0.01,4000,0.20518781910204079,0.00380966166311079,-0.02097137797289834,-0.5841430580701676
gaussian_sketch,coord_oracle,0.01,8000,0.12943893898670808,0.0021284214510447286,-0.02097137797289834,-0.5841430580701676
gaussian_sketch,coord_oracle,0.01,16000,0.07322104454086194,0.0014265412093826136,-0.02097137797289834,-0.5841430580701676
gaussian_sketch,coord_oracle,0.03,250,0.47899596079372453,0.013388004572561793,-0.02097137797289834,-0.8077809560418153
gaussian_sketch,coord_oracle,0.03,500,0.34774424942138316,0.0089201916070029,-0.02097137797289834,-0.8077809560418153
gaussian_sketch,coord_oracle,0.03,1000,0.24432976851332738,0.006119845703301811,-0.02097137797289834,-0.8077809560418153
gaussian_sketch,coord_oracle,0.03,2000,0.15983784150896332,0.0033274526117934265,-0.02097137797289834,-0.8077809560418153
gaussian_sketch,coord_oracle,0.03,4000,0.09498899916156299,0.0017246688463140188,-0.02097137797289834,-0.8077809560418153
gaussian_sketch,coord_oracle,0.03,8000,0.049098967321814645,0.0013046216112676521,-0.02097137797289834,-0.8077809560418153
gaussian_sketch,coord_oracle,0.03,16000,0.02006501770386811,0.0010608919646225414,-0.02097137797289834,-0.8077809560418153
gaussian_sketch,coord_oracle,0.1,250,0.27771223170702963,0.007403891333735059,-0.02097137797289834,-1.3225763852724077
gaussian_sketch,coord_oracle,0.1,500,0.18617275965289407,0.0056471745490040606,-0.02097137797289834,-1.3225763852724077
gaussian_sketch,coord_oracle,0.1,1000,0.1139217572552322,0.0026411017326841103,-0.02097137797289834,-1.3225763852724077
gaussian_sketch,coord_oracle,0.1,2000,0.061048717769371465,0.0019070838654464339,-0.02097137797289834,-1.3225763852724077
gaussian_sketch,coord_oracle,0.1,4000,0.02687102530971951,0.0012322050410368062,-0.02097137797289834,-1.3225763852724077
gaussian_sketch,coord_oracle,0.1,8000,0.008625428365408453,0.0007313846328868502,-0.02097137797289834,-1.3225763852724077
gaussian_sketch,coord_oracle,0.1,16000,0.0016855593735320869,0.00022771613701516106,-0.02097137797289834,-1.3225763852724077
gaussian_sketch,rmsprop,0.0003,250,2.1182789497429675,0.02248861602365761,-0.07043123136622802,-0.544864095226354
gaussian_sketch,rmsprop,0.0003,500,1.7816608204357063,0.027557971046730814,-0.06051534870872575,-0.544864095226354
gaussian_sketch,rmsprop,0.0003,1000,1.3534201715897747,0.023150687401424508,-0.042418939442439664,-0.544864095226354
gaussian_sketch,rmsprop,0.0003,2000,0.9644583410457169,0.014475594558708865,-0.026636411201687315,-0.544864095226354
gaussian_sketch,rmsprop,0.0003,4000,0.6598153368839035,0.010981539459213978,-0.021227295633614696,-0.544864095226354
gaussian_sketch,rmsprop,0.0003,8000,0.4350979725313392,0.009939154005571334,-0.020363395932379236,-0.544864095226354
gaussian_sketch,rmsprop,0.0003,16000,0.26999861780563955,0.006335155570361445,-0.02093994631361027,-0.544864095226354
gaussian_sketch,rmsprop,0.001,250,1.3314964109171847,0.030230887193240463,-0.04827940071734123,-0.7050309927772757
gaussian_sketch,rmsprop,0.001,500,1.0126987732962687,0.01825254830951997,-0.03159722039367581,-0.7050309927772757
gaussian_sketch,rmsprop,0.001,1000,0.7237818428393621,0.0097756472916295,-0.0217556131969034,-0.7050309927772757
gaussian_sketch,rmsprop,0.001,2000,0.4866553493954354,0.009756016885398882,-0.020871761134141353,-0.7050309927772757
gaussian_sketch,rmsprop,0.001,4000,0.3093122635563657,0.007488119074307771,-0.02134299997527982,-0.7050309927772757
gaussian_sketch,rmsprop,0.001,8000,0.17785106603195536,0.0036540353639157664,-0.021322177186515835,-0.7050309927772757
gaussian_sketch,rmsprop,0.001,16000,0.08412547826831214,0.0018984761542414894,-0.022508362958173468,-0.7050309927772757
gaussian_sketch,rmsprop,0.003,250,0.7607362329489216,0.014889459394255851,-0.026960198084447717,-1.1339794277857904
gaussian_sketch,rmsprop,0.003,500,0.5560422716178712,0.011325377053346177,-0.022681939230193616,-1.1339794277857904
gaussian_sketch,rmsprop,0.003,1000,0.3750306334811081,0.010091750955704765,-0.020938037370863395,-1.1339794277857904
gaussian_sketch,rmsprop,0.003,2000,0.22912751330851883,0.0060636550881822855,-0.022285532068708556,-1.1339794277857904
gaussian_sketch,rmsprop,0.003,4000,0.12054450458145602,0.002936725993582122,-0.022288980948708438,-1.1339794277857904
gaussian_sketch,rmsprop,0.003,8000,0.047197643146158576,0.0019008704651712152,-0.022327849574112203,-1.1339794277857904
gaussian_sketch,rmsprop,0.003,16000,0.008942292616420046,0.0009554496036417631,-0.023232582712864415,-1.1339794277857904
gaussian_sketch,rmsprop,0.01,250,0.3837177832604356,0.014635182031825535,-0.02309373074541765,-1.6099906573495206
gaussian_sketch,rmsprop,0.01,500,0.2569213054260734,0.007045998536990457,-0.022107308458308172,-1.6099906573495206
gaussian_sketch,rmsprop,0.01,1000,0.14892079753962256,0.003413180807570476,-0.023216774191404645,-1.6099906573495206
gaussian_sketch,rmsprop,0.01,2000,0.06877645814099972,0.0029107412163900553,-0.024707348094411198,-1.6099906573495206
gaussian_sketch,rmsprop,0.01,4000,0.020218618809414262,0.0033271773463925108,-0.027342036917795555,-1.6099906573495206
gaussian_sketch,rmsprop,0.01,8000,0.002568107801425119,0.0006957429230112667,-0.03061951676412993,-1.6099906573495206
gaussian_sketch,rmsprop,0.01,16000,0.0015189891866168898,0.0010855646636948317,-0.03161382373935482,-1.6099906573495206
gaussian_sketch,rmsprop,0.03,250,0.19715258733806337,0.012696021993936624,-0.027816873802751017,-0.7311083467593557
gaussian_sketch,rmsprop,0.03,500,0.11084055223834184,0.00507329328972581,-0.02857071069871302,-0.7311083467593557
gaussian_sketch,rmsprop,0.03,1000,0.04998492346046063,0.0049604326834907075,-0.03292310865706467,-0.7311083467593557
gaussian_sketch,rmsprop,0.03,2000,0.016380686639512136,0.0023909244009623055,-0.04557544223239109,-0.7311083467593557
gaussian_sketch,rmsprop,0.03,4000,0.00856140110781314,0.010109333721665724,-0.057395900080185934,-0.7311083467593557
gaussian_sketch,rmsprop,0.03,8000,0.009623328604958462,0.01918745547050272,-0.05597796583861887,-0.7311083467593557
gaussian_sketch,rmsprop,0.03,16000,0.00976709843537174,0.0155681473129093,-0.05538257788787302,-0.7311083467593557
gaussian_sketch,rmsprop,0.1,250,0.14020331444768622,0.04694611634143578,-0.05464434068220285,0.014454801126553509
gaussian_sketch,rmsprop,0.1,500,0.09904322302212928,0.07405357579280727,-0.06875472195297869,0.014454801126553509
gaussian_sketch,rmsprop,0.1,1000,0.02878392000182458,0.007546607997954253,-0.08114829724522447,0.014454801126553509
gaussian_sketch,rmsprop,0.1,2000,0.03039527219593372,0.025236562573688594,-0.08876715043686548,0.014454801126553509
gaussian_sketch,rmsprop,0.1,4000,0.0792835632019513,0.0929996819986707,-0.0942123023014521,0.014454801126553509
gaussian_sketch,rmsprop,0.1,8000,0.056264124228196634,0.09410716692892726,-0.09447270436574229,0.014454801126553509
gaussian_sketch,rmsprop,0.1,16000,0.05866237831171084,0.11610537865402183,-0.09552867380210091,0.014454801126553509
gaussian_sketch,sgd,0.03,250,1.6704621231175143,0.04673868940663956,0.0,-0.38629685383297085
gaussian_sketch,sgd,0.03,500,1.314648850471994,0.023150146600666475,0.0,-0.38629685383297085
gaussian_sketch,sgd,0.03,1000,1.0397547109044516,0.008185084840763699,0.0,-0.38629685383297085
gaussian_sketch,sgd,0.03,2000,0.8111021288801515,0.0063083561276098266,0.0,-0.38629685383297085
gaussian_sketch,sgd,0.03,4000,0.6246652477308876,0.004017377417265516,0.0,-0.38629685383297085
gaussian_sketch,sgd,0.03,8000,0.4701398913587159,0.0029484706151390334,0.0,-0.38629685383297085
gaussian_sketch,sgd,0.03,16000,0.3422229258723918,0.0018970204191238837,0.0,-0.38629685383297085
gaussian_sketch,sgd,0.1,250,1.107298624980429,0.01301321042580138,0.0,-0.4597574948532655
gaussian_sketch,sgd,0.1,500,0.8701908202463091,0.005631223590035806,0.0,-0.4597574948532655
gaussian_sketch,sgd,0.1,1000,0.6726343564900825,0.0033236732133706793,0.0,-0.4597574948532655
gaussian_sketch,sgd,0.1,2000,0.5087150148875637,0.003234798397958929,0.0,-0.4597574948532655
gaussian_sketch,sgd,0.1,4000,0.3743458450538769,0.0029361273821444877,0.0,-0.4597574948532655
gaussian_sketch,sgd,0.1,8000,0.26368765325015203,0.001854018270944099,0.0,-0.4597574948532655
gaussian_sketch,sgd,0.1,16000,0.17436639121338066,0.0009002786679795314,0.0,-0.4597574948532655
gaussian_sketch,sgd,0.3,250,0.7479767469730266,0.010166572496969943,0.0,-0.5854751227561699
gaussian_sketch,sgd,0.3,500,0.5748453563791722,0.006490908836108304,0.0,-0.5854751227561699
gaussian_sketch,sgd,0.3,1000,0.42858594009298995,0.004266543059038046,0.0,-0.5854751227561699
gaussian_sketch,sgd,0.3,2000,0.30744897012508343,0.0023161622352492577,0.0,-0.5854751227561699
gaussian_sketch,sgd,0.3,4000,0.20902518045240975,0.0012127508128106674,0.0,-0.5854751227561699
gaussian_sketch,sgd,0.3,8000,0.1314797744152326,0.0006800432450307331,0.0,-0.5854751227561699
gaussian_sketch,sgd,0.3,16000,0.07366382750007373,0.0005017617778077555,0.0,-0.5854751227561699
gaussian_sketch,spectral_oracle,0.0003,250,2.7561093104011927,0.002818503750907194,0.5,-0.31201990060162166
gaussian_sketch,spectral_oracle,0.0003,500,2.6818976448342724,0.0050875735627135925,0.5,-0.31201990060162166
gaussian_sketch,spectral_oracle,0.0003,1000,2.5398059599127056,0.00965006806409154,0.5,-0.31201990060162166
gaussian_sketch,spectral_oracle,0.0003,2000,2.2897374402098927,0.01513436428258683,0.5,-0.31201990060162166
gaussian_sketch,spectral_oracle,0.0003,4000,1.892965161469459,0.018644244132382914,0.5,-0.31201990060162166
gaussian_sketch,spectral_oracle,0.0003,8000,1.3796392062205807,0.01692497000521512,0.5,-0.31201990060162166
gaussian_sketch,spectral_oracle,0.0003,16000,0.8840979279922527,0.00862522796448696,0.5,-0.31201990060162166
gaussian_sketch,spectral_oracle,0.001,250,2.5823232786223604,0.007743991494972995,0.5,-0.5648704884269267
gaussian_sketch,spectral_oracle,0.001,500,2.363883215637895,0.015160711206501776,0.5,-0.5648704884269267
gaussian_sketch,spectral_oracle,0.001,1000,2.0057191006856754,0.019699513631431846,0.5,-0.5648704884269267
gaussian_sketch,spectral_oracle,0.001,2000,1.5168354937344277,0.0208130780165848,0.5,-0.5648704884269267
gaussian_sketch,spectral_oracle,0.001,4000,1.0035555081319238,0.011327381642095145,0.5,-0.5648704884269267
gaussian_sketch,spectral_oracle,0.001,8000,0.6061909297829813,0.0037103820177098196,0.5,-0.5648704884269267
gaussian_sketch,spectral_oracle,0.001,16000,0.3396261444224245,0.0017301084220885938,0.5,-0.5648704884269267
gaussian_sketch,spectral_oracle,0.003,250,2.1711581767993278,0.01790239690618452,0.5,-0.8146507129580621
gaussian_sketch,spectral_oracle,0.003,500,1.7318117258190182,0.019717633373485206,0.5,-0.8146507129580621
gaussian_sketch,spectral_oracle,0.003,1000,1.2092193687573372,0.020228597233322737,0.5,-0.8146507129580621
gaussian_sketch,spectral_oracle,0.003,2000,0.7513530894102107,0.00657363872686383,0.5,-0.8146507129580621
gaussian_sketch,spectral_oracle,0.003,4000,0.43610334862128014,0.0029613102354100335,0.5,-0.8146507129580621
gaussian_sketch,spectral_oracle,0.003,8000,0.2288620946688021,0.0016948759303878984,0.5,-0.8146507129580621
gaussian_sketch,spectral_oracle,0.003,16000,0.10066308559760262,0.0006414231505251608,0.5,-0.8146507129580621
gaussian_sketch,spectral_oracle,0.01,250,1.3365409720796781,0.029841006845191927,0.5,-1.2383572506156393
gaussian_sketch,spectral_oracle,0.01,500,0.8508700365876549,0.013686266027093339,0.5,-1.2383572506156393
gaussian_sketch,spectral_oracle,0.01,1000,0.5066879627165319,0.0041822702373863424,0.5,-1.2383572506156393
gaussian_sketch,spectral_oracle,0.01,2000,0.2744109232541663,0.0020627653522134345,0.5,-1.2383572506156393
gaussian_sketch,spectral_oracle,0.01,4000,0.12764289237265286,0.0011347863869100177,0.5,-1.2383572506156393
gaussian_sketch,spectral_oracle,0.01,8000,0.04579169253750543,0.0003870119255904261,0.5,-1.2383572506156393
gaussian_sketch,spectral_oracle,0.01,16000,0.01030950401134297,8.308988050039722e-05,0.5,-1.2383572506156393
gaussian_sketch,spectral_oracle,0.03,250,0.6363281598905788,0.015904020144892256,0.5,-2.133812095917761
gaussian_sketch,spectral_oracle,0.03,500,0.3622062283950438,0.007513447019150961,0.5,-2.133812095917761
gaussian_sketch,spectral_oracle,0.03,1000,0.182238627941095,0.002922689386960427,0.5,-2.133812095917761
gaussian_sketch,spectral_oracle,0.03,2000,0.07431771809840915,0.0014374959175223268,0.5,-2.133812095917761
gaussian_sketch,spectral_oracle,0.03,4000,0.021003363912776924,0.0004953375816413761,0.5,-2.133812095917761
gaussian_sketch,spectral_oracle,0.03,8000,0.0030843440414646166,8.436619702973632e-05,0.5,-2.133812095917761
gaussian_sketch,spectral_oracle,0.03,16000,0.00017187514084174342,6.976790097811658e-06,0.5,-2.133812095917761
gaussian_sketch,spectral_oracle,0.1,250,0.22225467664951273,0.005022988878425982,0.5,-2.1045547570502947
gaussian_sketch,spectral_oracle,0.1,500,0.09694842318419661,0.002599146883561803,0.5,-2.1045547570502947
gaussian_sketch,spectral_oracle,0.1,1000,0.030898864991271768,0.0010333757835830624,0.5,-2.1045547570502947
gaussian_sketch,spectral_oracle,0.1,2000,0.0057685901823955115,0.0001970972736446023,0.5,-2.1045547570502947
gaussian_sketch,spectral_oracle,0.1,4000,0.0004988074105013088,2.1018362877806533e-05,0.5,-2.1045547570502947
gaussian_sketch,spectral_oracle,0.1,8000,0.00014442589153507247,2.2090356072678623e-05,0.5,-2.1045547570502947
gaussian_sketch,spectral_oracle,0.1,16000,0.0001454145366802788,3.0111737816640446e-05,0.5,-2.1045547570502947
haar,adam,0.0003,250,1.700091810353379,0.021783837367602654,-0.05594800803674642,-0.6614645710948023
haar,adam,0.0003,500,1.2357072908013276,0.01717718619510552,-0.035802063307142085,-0.6614645710948023
haar,adam,0.0003,1000,0.8559819997806255,0.01152504579326577,-0.021261513630906514,-0.6614645710948023
haar,adam,0.0003,2000,0.5732698833204924,0.007442860910048762,-0.01857820960947565,-0.6614645710948023
haar,adam,0.0003,4000,0.3738740413644464,0.0063800420205848765,-0.018742953240680715,-0.6614645710948023
haar,adam,0.0003,8000,0.22745059894464315,0.005435492869711943,-0.01789751005186575,-0.6614645710948023
haar,adam,0.0003,16000,0.12037717899220046,0.0038525814710202036,-0.019877046623921958,-0.6614645710948023
haar,adam,0.001,250,0.9754710709645085,0.015607705637272743,-0.03274364032717414,-1.0544665579176071
haar,adam,0.001,500,0.6713397239158617,0.008121530152283285,-0.021346629026018603,-1.0544665579176071
haar,adam,0.001,1000,0.4392973969221141,0.005528019455861449,-0.01826244548746738,-1.0544665579176071
haar,adam,0.001,2000,0.2717796554721401,0.00524054468122153,-0.01893975231546352,-1.0544665579176071
haar,adam,0.001,4000,0.15072673321665275,0.004115196804122187,-0.018440690578453434,-1.0544665579176071
haar,adam,0.001,8000,0.06488623219123443,0.002913118000396361,-0.019998777875812813,-1.0544665579176071
haar,adam,0.001,16000,0.014273447359155663,0.0013801391543328725,-0.019287733998171942,-1.0544665579176071
haar,adam,0.003,250,0.5654820533934655,0.012092517513958735,-0.023300507796896918,-1.681341560737019
haar,adam,0.003,500,0.36407756029381366,0.008760609750868136,-0.018854571537082965,-1.681341560737019
haar,adam,0.003,1000,0.21275466437961538,0.006409273518423157,-0.019914527727769492,-1.681341560737019
haar,adam,0.003,2000,0.10606989870030308,0.003680083556419018,-0.020132106239147674,-1.681341560737019
haar,adam,0.003,4000,0.03583099637773018,0.0022368585142621546,-0.02125038266153496,-1.681341560737019
haar,adam,0.003,8000,0.004565348781521489,0.0006963067436131919,-0.022676011814406462,-1.681341560737019
haar,adam,0.003,16000,0.0012988647892735266,0.0006161585537537246,-0.024347537414901522,-1.681341560737019
haar,adam,0.01,250,0.28290625880059694,0.014494033845366511,-0.022237204495480813,-1.2384996383529343
haar,adam,0.01,500,0.15782988014221275,0.007197192534703311,-0.021040483672828535,-1.2384996383529343
haar,adam,0.01,1000,0.0698064380754852,0.00579691406954782,-0.023121387421510865,-1.2384996383529343
haar,adam,0.01,2000,0.01793397037179073,0.0022730972285621583,-0.02813279985542707,-1.2384996383529343
haar,adam,0.01,4000,0.0035507458900582585,0.0014941019712869997,-0.030891704633737894,-1.2384996383529343
haar,adam,0.01,8000,0.003277585884539971,0.002016379512229638,-0.031006999666807533,-1.2384996383529343
haar,adam,0.01,16000,0.0033580460774830464,0.0013531487814670573,-0.029800884572605945,-1.2384996383529343
haar,adam,0.03,250,0.14366892084524358,0.01000865153927048,-0.026950267355488867,-0.4758827172110379
haar,adam,0.03,500,0.0639293822795218,0.009629258270774637,-0.03096059742398354,-0.4758827172110379
haar,adam,0.03,1000,0.018736989489367476,0.004994668496075928,-0.03552560649201457,-0.4758827172110379
haar,adam,0.03,2000,0.007668087789128747,0.004470366182300624,-0.04218870094267013,-0.4758827172110379
haar,adam,0.03,4000,0.010374016531810559,0.007294106700357592,-0.039990560363653206,-0.4758827172110379
haar,adam,0.03,8000,0.011427983872677471,0.00732637797410278,-0.04260734764923957,-0.4758827172110379
haar,adam,0.03,16000,0.00804455169223324,0.004343765421399392,-0.04481498947153475,-0.4758827172110379
haar,adam,0.1,250,0.08674815989696835,0.038339332713664326,-0.042041284936189124,-0.14690627610738582
haar,adam,0.1,500,0.0817223787274973,0.06982334206246138,-0.0491983834862106,-0.14690627610738582
haar,adam,0.1,1000,0.08263661053005997,0.061719796424760394,-0.055214593199834974,-0.14690627610738582
haar,adam,0.1,2000,0.035977853739798574,0.0262505868781217,-0.05221105275557383,-0.14690627610738582
haar,adam,0.1,4000,0.05681180968138695,0.0374824489622245,-0.05221189550146259,-0.14690627610738582
haar,adam,0.1,8000,0.02794799120103622,0.01267712306198093,-0.05193582051414174,-0.14690627610738582
haar,adam,0.1,16000,0.0700795160511802,0.05678607767333954,-0.05361404339452254,-0.14690627610738582
haar,adamw,0.0003,250,1.7104674371830082,0.020488122702521098,-0.055383451335915025,-0.6621097940832599
haar,adamw,0.0003,500,1.242450251453787,0.02082949388349136,-0.03574115081671667,-0.6621097940832599
haar,adamw,0.0003,1000,0.8570173643969226,0.009795716344070615,-0.021230484072212886,-0.6621097940832599
haar,adamw,0.0003,2000,0.5741386263488738,0.006886380088964764,-0.01807648252796514,-0.6621097940832599
haar,adamw,0.0003,4000,0.3732985100012386,0.007051745304056745,-0.01762103689958585,-0.6621097940832599
haar,adamw,0.0003,8000,0.22764678669274976,0.005606334796737066,-0.018441047887825922,-0.6621097940832599
haar,adamw,0.0003,16000,0.12075457931771702,0.003955666641829541,-0.018095973177539283,-0.6621097940832599
haar,adamw,0.001,250,0.982227793328717,0.014467694943869293,-0.03375133874246796,-1.050398386316871
haar,adamw,0.001,500,0.674623524928603,0.008645620588926697,-0.020441548926238663,-1.050398386316871
haar,adamw,0.001,1000,0.4400367272235514,0.008213724161431417,-0.01796641354199302,-1.050398386316871
haar,adamw,0.001,2000,0.2708867214882094,0.006781295781215844,-0.017920078988127974,-1.050398386316871
haar,adamw,0.001,4000,0.15034238801849406,0.004854846628941871,-0.019459341791187867,-1.050398386316871
haar,adamw,0.001,8000,0.06496836111493351,0.0029477023532547405,-0.018500190830200956,-1.050398386316871
haar,adamw,0.001,16000,0.014630696217810818,0.0015652125781158975,-0.01941607864928756,-1.050398386316871
haar,adamw,0.003,250,0.5617018247574356,0.01112250681805198,-0.0239113616783045,-1.7761255506664664
haar,adamw,0.003,500,0.36399535934351246,0.011090778707435321,-0.019133334164950312,-1.7761255506664664
haar,adamw,0.003,1000,0.21351691140972223,0.00572890596257809,-0.019518906009378955,-1.7761255506664664
haar,adamw,0.003,2000,0.10675576762186197,0.0037096584633060843,-0.019266944314099633,-1.7761255506664664
haar,adamw,0.003,4000,0.036386103068614076,0.0019444516251214447,-0.021486653595783566,-1.7761255506664664
haar,adamw,0.003,8000,0.004921700804612161,0.0010134269831224719,-0.022227982261113888,-1.7761255506664664
haar,adamw,0.003,16000,0.0007839850503950458,0.00023457462886216997,-0.023062626997869828,-1.7761255506664664
haar,adamw,0.01,250,0.2846616492958531,0.0053939451932028286,-0.022512017866671386,-1.3027625490330461
haar,adamw,0.01,500,0.1580535610808405,0.006151125917349261,-0.021375468204203128,-1.3027625490330461
haar,adamw,0.01,1000,0.06935252766269144,0.005661807968189362,-0.023470076183084342,-1.3027625490330461
haar,adamw,0.01,2000,0.01955437340415532,0.003266482656563371,-0.027058005173088297,-1.3027625490330461
haar,adamw,0.01,4000,0.003684675267841643,0.0016826990629750511,-0.031226700424453725,-1.3027625490330461
haar,adamw,0.01,8000,0.0027176609381087706,0.0008946415132773416,-0.031598828249337595,-1.3027625490330461
haar,adamw,0.01,16000,0.002771399945645536,0.0025641062277225765,-0.03204490072167145,-1.3027625490330461
haar,adamw,0.03,250,0.13688019730651702,0.008247923877684091,-0.027181274673213407,-0.5730308886214477
haar,adamw,0.03,500,0.06083531711981569,0.008183746836888477,-0.030556146347999726,-0.5730308886214477
haar,adamw,0.03,1000,0.027852182874168567,0.0154770538979806,-0.03875304354684903,-0.5730308886214477
haar,adamw,0.03,2000,0.013726299410539534,0.010316578256924122,-0.042019540272322534,-0.5730308886214477
haar,adamw,0.03,4000,0.008717222954515984,0.006865730486940394,-0.03941074537866007,-0.5730308886214477
haar,adamw,0.03,8000,0.01020568988800025,0.005487286931889308,-0.04012704191183889,-0.5730308886214477
haar,adamw,0.03,16000,0.0075457873125665655,0.005116780837309878,-0.04404474266680789,-0.5730308886214477
haar,adamw,0.1,250,0.16817088831404203,0.16694271878612474,-0.04482732684075852,-0.01208076398992553
haar,adamw,0.1,500,0.10453568598533983,0.1007749335717433,-0.05071486959264848,-0.01208076398992553
haar,adamw,0.1,1000,0.031125539328386014,0.019314831401765088,-0.05607205233904715,-0.01208076398992553
haar,adamw,0.1,2000,0.048403510080044385,0.04454972222197093,-0.053955869119310475,-0.01208076398992553
haar,adamw,0.1,4000,0.04934998568664691,0.03337700899272201,-0.05297408147750462,-0.01208076398992553
haar,adamw,0.1,8000,0.071554561352889,0.055433982399134656,-0.051031238657979164,-0.01208076398992553
haar,adamw,0.1,16000,0.05959551392756381,0.05617939111360663,-0.053445379865555157,-0.01208076398992553
haar,coord_oracle,0.0003,250,1.841599589352026,0.014865957637739312,-0.017687395160215315,-0.3793882165057657
haar,coord_oracle,0.0003,500,1.4390948169535909,0.01045524502401616,-0.017687395160215315,-0.3793882165057657
haar,coord_oracle,0.0003,1000,1.119952593123387,0.008105668015019262,-0.017687395160215315,-0.3793882165057657
haar,coord_oracle,0.0003,2000,0.8743029541030675,0.007793373685107718,-0.017687395160215315,-0.3793882165057657
haar,coord_oracle,0.0003,4000,0.6772369908330902,0.005393369273051715,-0.017687395160215315,-0.3793882165057657
haar,coord_oracle,0.0003,8000,0.515456126363336,0.005241713844418471,-0.017687395160215315,-0.3793882165057657
haar,coord_oracle,0.0003,16000,0.38284924245547025,0.006053127341879412,-0.017687395160215315,-0.3793882165057657
haar,coord_oracle,0.001,250,1.1984428873045956,0.013452699273948031,-0.017687395160215315,-0.433051273317155
haar,coord_oracle,0.001,500,0.9360175741292831,0.013756301161956402,-0.017687395160215315,-0.433051273317155
haar,coord_oracle,0.001,1000,0.7268387661839234,0.010037142391503098,-0.017687395160215315,-0.433051273317155
haar,coord_oracle,0.001,2000,0.557375226079857,0.006852332764914114,-0.017687395160215315,-0.433051273317155
haar,coord_oracle,0.001,4000,0.4160234886610562,0.006031307698826948,-0.017687395160215315,-0.433051273317155
haar,coord_oracle,0.001,8000,0.30050775450523454,0.005928285664443518,-0.017687395160215315,-0.433051273317155
haar,coord_oracle,0.001,16000,0.20620986782583026,0.0046060700311217,-0.017687395160215315,-0.433051273317155
haar,coord_oracle,0.003,250,0.8088167126587731,0.009202673849519345,-0.017687395160215315,-0.5319554348647428
haar,coord_oracle,0.003,500,0.6211935838686751,0.008128933941235603,-0.017687395160215315,-0.5319554348647428
haar,coord_oracle,0.003,1000,0.46866058851284426,0.006664343206302541,-0.017687395160215315,-0.5319554348647428
haar,coord_oracle,0.003,2000,0.3456444528946105,0.006163276770647066,-0.017687395160215315,-0.5319554348647428
haar,coord_oracle,0.003,4000,0.242979909467733,0.005153594507979624,-0.017687395160215315,-0.5319554348647428
haar,coord_oracle,0.003,8000,0.16032617267145052,0.003636638553347565,-0.017687395160215315,-0.5319554348647428
haar,coord_oracle,0.003,16000,0.0960305498986152,0.002434172125413378,-0.017687395160215315,-0.5319554348647428
haar,coord_oracle,0.01,250,0.5103956537363175,0.008549947247333455,-0.017687395160215315,-0.763255286090762
haar,coord_oracle,0.01,500,0.37733335493746156,0.0071257683970423515,-0.017687395160215315,-0.763255286090762
haar,coord_oracle,0.01,1000,0.26883687910954973,0.005721914594751674,-0.017687395160215315,-0.763255286090762
haar,coord_oracle,0.01,2000,0.1811219590779999,0.0043126387918311975,-0.017687395160215315,-0.763255286090762
haar,coord_oracle,0.01,4000,0.11202447663541333,0.00301237481231816,-0.017687395160215315,-0.763255286090762
haar,coord_oracle,0.01,8000,0.059964680905042075,0.002056956204274963,-0.017687395160215315,-0.763255286090762
haar,coord_oracle,0.01,16000,0.025181040777424713,0.0012161694236378887,-0.017687395160215315,-0.763255286090762
haar,coord_oracle,0.03,250,0.3174185477405886,0.0062373979172192975,-0.017687395160215315,-1.2255932381943337
haar,coord_oracle,0.03,500,0.21831620492388693,0.005536024608556984,-0.017687395160215315,-1.2255932381943337
haar,coord_oracle,0.03,1000,0.1404701496646072,0.003160493398721622,-0.017687395160215315,-1.2255932381943337
haar,coord_oracle,0.03,2000,0.08051099870192677,0.001713557441713149,-0.017687395160215315,-1.2255932381943337
haar,coord_oracle,0.03,4000,0.03838344318406627,0.0019475064263341272,-0.017687395160215315,-1.2255932381943337
haar,coord_oracle,0.03,8000,0.013099105983025935,0.0008125031217454217,-0.017687395160215315,-1.2255932381943337
haar,coord_oracle,0.03,16000,0.002748219223570513,0.0003167912937054138,-0.017687395160215315,-1.2255932381943337
haar,coord_oracle,0.1,250,0.16795094559191043,0.006115119283488903,-0.017687395160215315,-1.3357088155899706
haar,coord_oracle,0.1,500,0.10280897436419947,0.004113105683354095,-0.017687395160215315,-1.3357088155899706
haar,coord_oracle,0.1,1000,0.05347142334309629,0.005626652861647629,-0.017687395160215315,-1.3357088155899706
haar,coord_oracle,0.1,2000,0.02103177328261703,0.002452864248984618,-0.017687395160215315,-1.3357088155899706
haar,coord_oracle,0.1,4000,0.005204261225157891,0.0006380957166089687,-0.017687395160215315,-1.3357088155899706
haar,coord_oracle,0.1,8000,0.001859503288138076,0.001004212823826646,-0.017687395160215315,-1.3357088155899706
haar,coord_oracle,0.1,16000,0.001562968880227553,0.0013672836824403178,-0.017687395160215315,-1.3357088155899706
haar,rmsprop,0.0003,250,1.4349740527918529,0.02479407847928027,-0.044108379782966486,-0.6330705147439494
haar,rmsprop,0.0003,500,1.1073519932950524,0.01610556668708258,-0.029738244001783532,-0.6330705147439494
haar,rmsprop,0.0003,1000,0.8015288480360251,0.009698874150529615,-0.020560539301477342,-0.6330705147439494
haar,rmsprop,0.0003,2000,0.5553314160586307,0.006659820641534727,-0.018932000723380527,-0.6330705147439494
haar,rmsprop,0.0003,4000,0.36736505669077435,0.005948401468290069,-0.017991216645915742,-0.6330705147439494
haar,rmsprop,0.0003,8000,0.22511341721758002,0.005203161108034707,-0.019058441138446368,-0.6330705147439494
haar,rmsprop,0.0003,16000,0.1194193595189206,0.004072630750945785,-0.018479242578584708,-0.6330705147439494
haar,rmsprop,0.001,250,0.797296423384817,0.013016792006062525,-0.024497770458726743,-1.0240376454121596
haar,rmsprop,0.001,500,0.5914695186882098,0.009687708924811855,-0.019276545131264467,-1.0240376454121596
haar,rmsprop,0.001,1000,0.407995696752648,0.00798576539505214,-0.01828204190983258,-1.0240376454121596
haar,rmsprop,0.001,2000,0.25929412050420425,0.005857113219290742,-0.01806603752736278,-1.0240376454121596
haar,rmsprop,0.001,4000,0.14593451056905135,0.004178977766140336,-0.019646867151651072,-1.0240376454121596
haar,rmsprop,0.001,8000,0.0636230187391038,0.0030831193557593,-0.019915643167351303,-1.0240376454121596
haar,rmsprop,0.001,16000,0.014067656388822406,0.0014434964724455,-0.0193907535906094,-1.0240376454121596
haar,rmsprop,0.003,250,0.4441510256273006,0.017350039233948324,-0.019941758483734983,-1.7010867120526916
haar,rmsprop,0.003,500,0.3095806040239094,0.009260987246781704,-0.01905877931762363,-1.7010867120526916
haar,rmsprop,0.003,1000,0.19342058688897096,0.007899397201648142,-0.01927073149751708,-1.7010867120526916
haar,rmsprop,0.003,2000,0.09878463081226482,0.004071024645591658,-0.020515190988686104,-1.7010867120526916
haar,rmsprop,0.003,4000,0.033763833013162305,0.0025003851862831134,-0.021594586865944575,-1.7010867120526916
haar,rmsprop,0.003,8000,0.004525994914332191,0.0009955749001915313,-0.024860270424303565,-1.7010867120526916
haar,rmsprop,0.003,16000,0.0009504900456645717,0.0005461773793703967,-0.026889849687094493,-1.7010867120526916
haar,rmsprop,0.01,250,0.21886107626149065,0.011673084622112393,-0.022396902555093724,-0.948666104608439
haar,rmsprop,0.01,500,0.1300597961341407,0.006709831631842436,-0.024338888369821787,-0.948666104608439
haar,rmsprop,0.01,1000,0.06373828046395105,0.00854818598008339,-0.027717486860890195,-0.948666104608439
haar,rmsprop,0.01,2000,0.017938982501737116,0.0026530982195738877,-0.03793745166127158,-0.948666104608439
haar,rmsprop,0.01,4000,0.005852236446330964,0.003047756857704625,-0.04902613450619986,-0.948666104608439
haar,rmsprop,0.01,8000,0.00456429605361639,0.004370684527184745,-0.05253886831642263,-0.948666104608439
haar,rmsprop,0.01,16000,0.007932599088947351,0.011162426336563067,-0.05021245048339788,-0.948666104608439
haar,rmsprop,0.03,250,0.18320952907335394,0.10721868580987218,-0.04076855278922,-0.19955328330947628
haar,rmsprop,0.03,500,0.08220231630680416,0.02515180171879879,-0.054930452210056394,-0.19955328330947628
haar,rmsprop,0.03,1000,0.03795144971039057,0.016409134204313676,-0.07339037597655132,-0.19955328330947628
haar,rmsprop,0.03,2000,0.014548622580364535,0.007161237137769316,-0.08731366738249975,-0.19955328330947628
haar,rmsprop,0.03,4000,0.04954077596239009,0.07788565711438841,-0.0826873270966739,-0.19955328330947628
haar,rmsprop,0.03,8000,0.09271452837573517,0.24440604319551784,-0.09142068084365262,-0.19955328330947628
haar,rmsprop,0.03,16000,0.014295638184642346,0.009317656515592566,-0.0915086922570455,-0.19955328330947628
haar,rmsprop,0.1,250,0.4536230222422927,0.5858146936485396,-0.0889421376404663,0.15097921880275766
haar,rmsprop,0.1,500,0.4880730831462318,0.6483935145384877,-0.08655304868177216,0.15097921880275766
haar,rmsprop,0.1,1000,0.3489197475141272,0.8362165962173268,-0.09768569995992298,0.15097921880275766
haar,rmsprop,0.1,2000,1.6950040574672944,3.3790196324291415,-0.09931123616883311,0.15097921880275766
haar,rmsprop,0.1,4000,0.3063300675625208,0.46995458629136194,-0.09860555737095586,0.15097921880275766
haar,rmsprop,0.1,8000,0.5404058838003633,1.2560779890812859,-0.09774485345414616,0.15097921880275766
haar,rmsprop,0.1,16000,1.0995862079612249,1.8518350202853533,-0.09551235731898403,0.15097921880275766
haar,sgd,0.03,250,0.8237805638301007,0.010132658631006897,0.0,-0.5218722162404318
haar,sgd,0.03,500,0.6412713522332036,0.004876155552701879,0.0,-0.5218722162404318
haar,sgd,0.03,1000,0.48776418076460387,0.0013027374301298304,0.0,-0.5218722162404318
haar,sgd,0.03,2000,0.3601612045788737,0.0016656989378177796,0.0,-0.5218722162404318
haar,sgd,0.03,4000,0.2553759473590508,0.0006238223139984824,0.0,-0.5218722162404318
haar,sgd,0.03,8000,0.17023686787305184,0.00018725477440136823,0.0,-0.5218722162404318
haar,sgd,0.03,16000,0.10268444507069188,0.00013616333398782754,0.0,-0.5218722162404318
haar,sgd,0.1,250,0.5288484573677426,0.007928851672416443,0.0,-0.7529008115080218
haar,sgd,0.1,500,0.39384768807487713,0.0034206981270444494,0.0,-0.7529008115080218
haar,sgd,0.1,1000,0.2829414227158365,0.003636938027571087,0.0,-0.7529008115080218
haar,sgd,0.1,2000,0.19190414284619095,0.0016042849776021517,0.0,-0.7529008115080218
haar,sgd,0.1,4000,0.11973204188255612,0.0009721100030639128,0.0,-0.7529008115080218
haar,sgd,0.1,8000,0.06437760717647087,0.00044469181196084084,0.0,-0.7529008115080218
haar,sgd,0.1,16000,0.02726214466636902,0.00027896414634992955,0.0,-0.7529008115080218
haar,sgd,0.3,250,0.33001169523598844,0.005307903276695604,0.0,-1.2369745345802774
haar,sgd,0.3,500,0.23149760680162493,0.0033188498632547494,0.0,-1.2369745345802774
haar,sgd,0.3,1000,0.14913837570387342,0.0015728497793980115,0.0,-1.2369745345802774
haar,sgd,0.3,2000,0.08684890716596476,0.0017999047848109488,0.0,-1.2369745345802774
haar,sgd,0.3,4000,0.041221087229127734,0.000651423493354266,0.0,-1.2369745345802774
haar,sgd,0.3,8000,0.014143856605129535,0.0005221545049878103,0.0,-1.2369745345802774
haar,sgd,0.3,16000,0.002732268377937018,0.00022719422825273652,0.0,-1.2369745345802774
haar,spectral_oracle,0.0003,250,2.6175778978087827,0.004495353610958058,0.5,-0.520594215940363
haar,spectral_oracle,0.0003,500,2.4302832324380144,0.005441759534403936,0.5,-0.520594215940363
haar,spectral_oracle,0.0003,1000,2.1058629849082795,0.005530279806577186,0.5,-0.520594215940363
haar,spectral_oracle,0.0003,2000,1.6432844220222003,0.005710398950452468,0.5,-0.520594215940363
haar,spectral_oracle,0.0003,4000,1.1225804017034142,0.004535901826076423,0.5,-0.520594215940363
haar,spectral_oracle,0.0003,8000,0.6979326383884827,0.0024273355792454746,0.5,-0.520594215940363
haar,spectral_oracle,0.0003,16000,0.4069345708573219,0.0013325608163808529,0.5,-0.520594215940363
haar,spectral_oracle,0.001,250,2.201287817338895,0.013292863051610048,0.5,-0.7756827106932207
haar,spectral_oracle,0.001,500,1.7734533081196129,0.008620675748119918,0.5,-0.7756827106932207
haar,spectral_oracle,0.001,1000,1.2575955316315388,0.008052941905210763,0.5,-0.7756827106932207
haar,spectral_oracle,0.001,2000,0.7956485939869056,0.00477551222942299,0.5,-0.7756827106932207
haar,spectral_oracle,0.001,4000,0.4731684403412363,0.002918683655371943,0.5,-0.7756827106932207
haar,spectral_oracle,0.001,8000,0.2562320621265144,0.001200510794888269,0.5,-0.7756827106932207
haar,spectral_oracle,0.001,16000,0.11857114991575719,0.0003907678905619773,0.5,-0.7756827106932207
haar,spectral_oracle,0.003,250,1.469486350443498,0.014023690073310011,0.5,-1.1213669975970288
haar,spectral_oracle,0.003,500,0.9689472915939626,0.007853207592650768,0.5,-1.1213669975970288
haar,spectral_oracle,0.003,1000,0.5926748403045103,0.0030485481436079366,0.5,-1.1213669975970288
haar,spectral_oracle,0.003,2000,0.33581675572527725,0.0024017229176893007,0.5,-1.1213669975970288
haar,spectral_oracle,0.003,4000,0.16753614235596606,0.0012585113229337487,0.5,-1.1213669975970288
haar,spectral_oracle,0.003,8000,0.06709530865546302,0.00044913372418895565,0.5,-1.1213669975970288
haar,spectral_oracle,0.003,16000,0.01784094309378643,0.00014361711757133978,0.5,-1.1213669975970288
haar,spectral_oracle,0.01,250,0.6809000748964876,0.012298389723258111,0.5,-2.067731141792145
haar,spectral_oracle,0.01,500,0.39414732299707933,0.005835241680067089,0.5,-2.067731141792145
haar,spectral_oracle,0.01,1000,0.20433427674360471,0.0025377775244412783,0.5,-2.067731141792145
haar,spectral_oracle,0.01,2000,0.08839940248145489,0.0010876942181293407,0.5,-2.067731141792145
haar,spectral_oracle,0.01,4000,0.026999175048077716,0.00026056543091262235,0.5,-2.067731141792145
haar,spectral_oracle,0.01,8000,0.00428363336879833,5.7449718914114436e-05,0.5,-2.067731141792145
haar,spectral_oracle,0.01,16000,0.00022317833376278153,9.009559534907078e-06,0.5,-2.067731141792145
haar,spectral_oracle,0.03,250,0.27526474603080237,0.006904749518782788,0.5,-2.2791719683548806
haar,spectral_oracle,0.03,500,0.13057583984626603,0.002271000934591807,0.5,-2.2791719683548806
haar,spectral_oracle,0.03,1000,0.04758494840153171,0.0010122278040606526,0.5,-2.2791719683548806
haar,spectral_oracle,0.03,2000,0.0104412970061944,0.0002135515182686395,0.5,-2.2791719683548806
haar,spectral_oracle,0.03,4000,0.0009716335989093626,3.896093144521723e-05,0.5,-2.2791719683548806
haar,spectral_oracle,0.03,8000,0.0001269278137196469,2.203159471500513e-05,0.5,-2.2791719683548806
haar,spectral_oracle,0.03,16000,0.00011581558376133027,2.3574455196770212e-05,0.5,-2.2791719683548806
haar,spectral_oracle,0.1,250,0.0669921689845933,0.0026219217994939027,0.5,-1.0059689831721967
haar,spectral_oracle,0.1,500,0.01807512384864356,0.0010551970601930729,0.5,-1.0059689831721967
haar,spectral_oracle,0.1,1000,0.0023779846923916185,0.00014815796730279429,0.5,-1.0059689831721967
haar,spectral_oracle,0.1,2000,0.0004840443436995779,0.0001006110054052274,0.5,-1.0059689831721967
haar,spectral_oracle,0.1,4000,0.00040413527069963823,8.497276020650933e-05,0.5,-1.0059689831721967
haar,spectral_oracle,0.1,8000,0.00041859404754852615,6.934946594428247e-05,0.5,-1.0059689831721967
haar,spectral_oracle,0.1,16000,0.0004032874375763931,7.24763403796034e-05,0.5,-1.0059689831721967
